accessors_indexes_test_39.gif,Accessors Indexes Test 40,https://opensea.io/assets/0x495f947276749ce646f68ac8c248420045cb7b5e/105282133696278971909294323405992986946481282754168230213467739011623698825217
4byte_29.gif,4byte 30,https://opensea.io/assets/0x495f947276749ce646f68ac8c248420045cb7b5e/105282133696278971909294323405992986946481282754168230213467739012723210452993
localnode_test_28.gif,Localnode Test 29,https://opensea.io/assets/0x495f947276749ce646f68ac8c248420045cb7b5e/105282133696278971909294323405992986946481282754168230213467739013822722080769
peer_1194.gif,Peer 1195,https://opensea.io/assets/0x495f947276749ce646f68ac8c248420045cb7b5e/105282133696278971909294323405992986946481282754168230213467739014922233708545
node_97.gif,Node 98,https://opensea.io/assets/0x495f947276749ce646f68ac8c248420045cb7b5e/105282133696278971909294323405992986946481282754168230213467739016021745336321
handler_229.gif,Handler 230,https://opensea.io/assets/0x495f947276749ce646f68ac8c248420045cb7b5e/105282133696278971909294323405992986946481282754168230213467739017121256964097
peer_1143.gif,Peer 1144,https://opensea.io/assets/0x495f947276749ce646f68ac8c248420045cb7b5e/105282133696278971909294323405992986946481282754168230213467739018220768591873
sample_226.gif,Sample 227,https://opensea.io/assets/0x495f947276749ce646f68ac8c248420045cb7b5e/105282133696278971909294323405992986946481282754168230213467739019320280219649
inproc_test_101.gif,Inproc Test 102,https://opensea.io/assets/0x495f947276749ce646f68ac8c248420045cb7b5e/105282133696278971909294323405992986946481282754168230213467739020419791847425
completion_27.gif,Completion 28,https://opensea.io/assets/0x495f947276749ce646f68ac8c248420045cb7b5e/105282133696278971909294323405992986946481282754168230213467739021519303475201
fp6_32.gif,Fp6 33,https://opensea.io/assets/0x495f947276749ce646f68ac8c248420045cb7b5e/105282133696278971909294323405992986946481282754168230213467739022618815102977
tx_pool_555.gif,Tx Pool 556,https://opensea.io/assets/0x495f947276749ce646f68ac8c248420045cb7b5e/105282133696278971909294323405992986946481282754168230213467739023718326730753
gethclient_test_187.gif,Gethclient Test 188,https://opensea.io/assets/0x495f947276749ce646f68ac8c248420045cb7b5e/105282133696278971909294323405992986946481282754168230213467739024817838358529
graphql_571.gif,Graphql 572,https://opensea.io/assets/0x495f947276749ce646f68ac8c248420045cb7b5e/105282133696278971909294323405992986946481282754168230213467739025917349986305
aes_gcm_storage_47.gif,Aes Gcm Storage 48,https://opensea.io/assets/0x495f947276749ce646f68ac8c248420045cb7b5e/105282133696278971909294323405992986946481282754168230213467739027016861614081
handler_glog_150.gif,Handler Glog 151,https://opensea.io/assets/0x495f947276749ce646f68ac8c248420045cb7b5e/105282133696278971909294323405992986946481282754168230213467739028116373241857
decode_test_871.gif,Decode Test 872,https://opensea.io/assets/0x495f947276749ce646f68ac8c248420045cb7b5e/105282133696278971909294323405992986946481282754168230213467739029215884869633
bitutil_19.gif,Bitutil 20,https://opensea.io/assets/0x495f947276749ce646f68ac8c248420045cb7b5e/105282133696278971909294323405992986946481282754168230213467739030315396497409
v5_udp_487.gif,V5 Udp 488,https://opensea.io/assets/0x495f947276749ce646f68ac8c248420045cb7b5e/105282133696278971909294323405992986946481282754168230213467739031414908125185
fp_test_421.gif,Fp Test 422,https://opensea.io/assets/0x495f947276749ce646f68ac8c248420045cb7b5e/105282133696278971909294323405992986946481282754168230213467739032514419752961
sync_test_152.gif,Sync Test 153,https://opensea.io/assets/0x495f947276749ce646f68ac8c248420045cb7b5e/105282133696278971909294323405992986946481282754168230213467739033613931380737
gethclient_test_45.gif,Gethclient Test 46,https://opensea.io/assets/0x495f947276749ce646f68ac8c248420045cb7b5e/105282133696278971909294323405992986946481282754168230213467739034713443008513
jsre_test_79.gif,Jsre Test 80,https://opensea.io/assets/0x495f947276749ce646f68ac8c248420045cb7b5e/105282133696278971909294323405992986946481282754168230213467739035812954636289
encode_364.gif,Encode 365,https://opensea.io/assets/0x495f947276749ce646f68ac8c248420045cb7b5e/105282133696278971909294323405992986946481282754168230213467739036912466264065
transaction_test_265.gif,Transaction Test 266,https://opensea.io/assets/0x495f947276749ce646f68ac8c248420045cb7b5e/105282133696278971909294323405992986946481282754168230213467739038011977891841
fp_63.gif,Fp 64,https://opensea.io/assets/0x495f947276749ce646f68ac8c248420045cb7b5e/105282133696278971909294323405992986946481282754168230213467739039111489519617
hd_test_81.gif,Hd Test 82,https://opensea.io/assets/0x495f947276749ce646f68ac8c248420045cb7b5e/105282133696278971909294323405992986946481282754168230213467739040211001147393
subscription_46.gif,Subscription 47,https://opensea.io/assets/0x495f947276749ce646f68ac8c248420045cb7b5e/105282133696278971909294323405992986946481282754168230213467739041310512775169
blake2x_90.gif,Blake2x 91,https://opensea.io/assets/0x495f947276749ce646f68ac8c248420045cb7b5e/105282133696278971909294323405992986946481282754168230213467739042410024402945
decode_619.gif,Decode 620,https://opensea.io/assets/0x495f947276749ce646f68ac8c248420045cb7b5e/105282133696278971909294323405992986946481282754168230213467739043509536030721
decode_180.gif,Decode 181,https://opensea.io/assets/0x495f947276749ce646f68ac8c248420045cb7b5e/105282133696278971909294323405992986946481282754168230213467739044609047658497
fp_test_623.gif,Fp Test 624,https://opensea.io/assets/0x495f947276749ce646f68ac8c248420045cb7b5e/105282133696278971909294323405992986946481282754168230213467739045708559286273
les_test_67.gif,Les Test 68,https://opensea.io/assets/0x495f947276749ce646f68ac8c248420045cb7b5e/105282133696278971909294323405992986946481282754168230213467739046808070914049
decode_817.gif,Decode 818,https://opensea.io/assets/0x495f947276749ce646f68ac8c248420045cb7b5e/105282133696278971909294323405992986946481282754168230213467739047907582541825
meter_149.gif,Meter 150,https://opensea.io/assets/0x495f947276749ce646f68ac8c248420045cb7b5e/105282133696278971909294323405992986946481282754168230213467739049007094169601
keystore_test_38.gif,Keystore Test 39,https://opensea.io/assets/0x495f947276749ce646f68ac8c248420045cb7b5e/105282133696278971909294323405992986946481282754168230213467739050106605797377
block_335.gif,Block 336,https://opensea.io/assets/0x495f947276749ce646f68ac8c248420045cb7b5e/105282133696278971909294323405992986946481282754168230213467739051206117425153
messages-management_322.gif,Messages-management 323,https://opensea.io/assets/0x495f947276749ce646f68ac8c248420045cb7b5e/105282133696278971909294323405992986946481282754168230213467739052305629052929
fourbyte_75.gif,Fourbyte 76,https://opensea.io/assets/0x495f947276749ce646f68ac8c248420045cb7b5e/105282133696278971909294323405992986946481282754168230213467739053405140680705
feed_test_240.gif,Feed Test 241,https://opensea.io/assets/0x495f947276749ce646f68ac8c248420045cb7b5e/105282133696278971909294323405992986946481282754168230213467739054504652308481
gfp_generic_48.gif,Gfp Generic 49,https://opensea.io/assets/0x495f947276749ce646f68ac8c248420045cb7b5e/105282133696278971909294323405992986946481282754168230213467739055604163936257
testlog_98.gif,Testlog 99,https://opensea.io/assets/0x495f947276749ce646f68ac8c248420045cb7b5e/105282133696278971909294323405992986946481282754168230213467739056703675564033
update-license_119.gif,Update-license 120,https://opensea.io/assets/0x495f947276749ce646f68ac8c248420045cb7b5e/105282133696278971909294323405992986946481282754168230213467739057803187191809
chain_indexer_147.gif,Chain Indexer 148,https://opensea.io/assets/0x495f947276749ce646f68ac8c248420045cb7b5e/105282133696278971909294323405992986946481282754168230213467739058902698819585
messages-management_875.gif,Messages-management 876,https://opensea.io/assets/0x495f947276749ce646f68ac8c248420045cb7b5e/105282133696278971909294323405992986946481282754168230213467739060002210447361
proof_test_816.gif,Proof Test 817,https://opensea.io/assets/0x495f947276749ce646f68ac8c248420045cb7b5e/105282133696278971909294323405992986946481282754168230213467739061101722075137
handler_189.gif,Handler 190,https://opensea.io/assets/0x495f947276749ce646f68ac8c248420045cb7b5e/105282133696278971909294323405992986946481282754168230213467739061101722075137
blockchain_repair_test_205.gif,Blockchain Repair Test 206,https://opensea.io/assets/0x495f947276749ce646f68ac8c248420045cb7b5e/105282133696278971909294323405992986946481282754168230213467739063300745330689
lookup_183.gif,Lookup 184,https://opensea.io/assets/0x495f947276749ce646f68ac8c248420045cb7b5e/105282133696278971909294323405992986946481282754168230213467739064400256958465
messages-management_726.gif,Messages-management 727,https://opensea.io/assets/0x495f947276749ce646f68ac8c248420045cb7b5e/105282133696278971909294323405992986946481282754168230213467739065499768586241
encode_test_530.gif,Encode Test 531,https://opensea.io/assets/0x495f947276749ce646f68ac8c248420045cb7b5e/105282133696278971909294323405992986946481282754168230213467739066599280214017
gauge_test_7.gif,Gauge Test 8,https://opensea.io/assets/0x495f947276749ce646f68ac8c248420045cb7b5e/105282133696278971909294323405992986946481282754168230213467739067698791841793
assets_377.gif,Assets 378,https://opensea.io/assets/0x495f947276749ce646f68ac8c248420045cb7b5e/105282133696278971909294323405992986946481282754168230213467739068798303469569
lexer_225.gif,Lexer 226,https://opensea.io/assets/0x495f947276749ce646f68ac8c248420045cb7b5e/105282133696278971909294323405992986946481282754168230213467739069897815097345
bitutil_test_14.gif,Bitutil Test 15,https://opensea.io/assets/0x495f947276749ce646f68ac8c248420045cb7b5e/105282133696278971909294323405992986946481282754168230213467739070997326725121
gen_structlog_52.gif,Gen Structlog 53,https://opensea.io/assets/0x495f947276749ce646f68ac8c248420045cb7b5e/105282133696278971909294323405992986946481282754168230213467739072096838352897
client_test_212.gif,Client Test 213,https://opensea.io/assets/0x495f947276749ce646f68ac8c248420045cb7b5e/105282133696278971909294323405992986946481282754168230213467739073196349980673
archive_187.gif,Archive 188,https://opensea.io/assets/0x495f947276749ce646f68ac8c248420045cb7b5e/105282133696278971909294323405992986946481282754168230213467739074295861608449
control_120.gif,Control 121,https://opensea.io/assets/0x495f947276749ce646f68ac8c248420045cb7b5e/105282133696278971909294323405992986946481282754168230213467739075395373236225
expiredvalue_147.gif,Expiredvalue 148,https://opensea.io/assets/0x495f947276749ce646f68ac8c248420045cb7b5e/105282133696278971909294323405992986946481282754168230213467739076494884864001
pairing_58.gif,Pairing 59,https://opensea.io/assets/0x495f947276749ce646f68ac8c248420045cb7b5e/105282133696278971909294323405992986946481282754168230213467739077594396491777
fp_test_9.gif,Fp Test 10,https://opensea.io/assets/0x495f947276749ce646f68ac8c248420045cb7b5e/105282133696278971909294323405992986946481282754168230213467739078693908119553
fp_test_783.gif,Fp Test 784,https://opensea.io/assets/0x495f947276749ce646f68ac8c248420045cb7b5e/105282133696278971909294323405992986946481282754168230213467739079793419747329
instructions_test_455.gif,Instructions Test 456,https://opensea.io/assets/0x495f947276749ce646f68ac8c248420045cb7b5e/105282133696278971909294323405992986946481282754168230213467739080892931375105
messages-management_283.gif,Messages-management 284,https://opensea.io/assets/0x495f947276749ce646f68ac8c248420045cb7b5e/105282133696278971909294323405992986946481282754168230213467739081992443002881
opentsdb_27.gif,Opentsdb 28,https://opensea.io/assets/0x495f947276749ce646f68ac8c248420045cb7b5e/105282133696278971909294323405992986946481282754168230213467739083091954630657
ethclient_test_276.gif,Ethclient Test 277,https://opensea.io/assets/0x495f947276749ce646f68ac8c248420045cb7b5e/105282133696278971909294323405992986946481282754168230213467739084191466258433
resetting_timer_172.gif,Resetting Timer 173,https://opensea.io/assets/0x495f947276749ce646f68ac8c248420045cb7b5e/105282133696278971909294323405992986946481282754168230213467739085290977886209
blockchain_repair_test_41.gif,Blockchain Repair Test 42,https://opensea.io/assets/0x495f947276749ce646f68ac8c248420045cb7b5e/105282133696278971909294323405992986946481282754168230213467739086390489513985
suite_429.gif,Suite 430,https://opensea.io/assets/0x495f947276749ce646f68ac8c248420045cb7b5e/105282133696278971909294323405992986946481282754168230213467739087490001141761
iptrack_test_40.gif,Iptrack Test 41,https://opensea.io/assets/0x495f947276749ce646f68ac8c248420045cb7b5e/105282133696278971909294323405992986946481282754168230213467739088589512769537
twist_42.gif,Twist 43,https://opensea.io/assets/0x495f947276749ce646f68ac8c248420045cb7b5e/105282133696278971909294323405992986946481282754168230213467739089689024397313
tx_pool_973.gif,Tx Pool 974,https://opensea.io/assets/0x495f947276749ce646f68ac8c248420045cb7b5e/105282133696278971909294323405992986946481282754168230213467739090788536025089
prompt_test_23.gif,Prompt Test 24,https://opensea.io/assets/0x495f947276749ce646f68ac8c248420045cb7b5e/105282133696278971909294323405992986946481282754168230213467739091888047652865
http_353.gif,Http 354,https://opensea.io/assets/0x495f947276749ce646f68ac8c248420045cb7b5e/105282133696278971909294323405992986946481282754168230213467739092987559280641
discv4tests_255.gif,Discv4tests 256,https://opensea.io/assets/0x495f947276749ce646f68ac8c248420045cb7b5e/105282133696278971909294323405992986946481282754168230213467739094087070908417
blockchain_699.gif,Blockchain 700,https://opensea.io/assets/0x495f947276749ce646f68ac8c248420045cb7b5e/105282133696278971909294323405992986946481282754168230213467739095186582536193
account_cache_42.gif,Account Cache 43,https://opensea.io/assets/0x495f947276749ce646f68ac8c248420045cb7b5e/105282133696278971909294323405992986946481282754168230213467739096286094163969
network_test_535.gif,Network Test 536,https://opensea.io/assets/0x495f947276749ce646f68ac8c248420045cb7b5e/105282133696278971909294323405992986946481282754168230213467739097385605791745
peer_1395.gif,Peer 1396,https://opensea.io/assets/0x495f947276749ce646f68ac8c248420045cb7b5e/105282133696278971909294323405992986946481282754168230213467739098485117419521
format_test_9.gif,Format Test 10,https://opensea.io/assets/0x495f947276749ce646f68ac8c248420045cb7b5e/105282133696278971909294323405992986946481282754168230213467739099584629047297
website_19.gif,Website 20,https://opensea.io/assets/0x495f947276749ce646f68ac8c248420045cb7b5e/105282133696278971909294323405992986946481282754168230213467739100684140675073
fp_test_1320.gif,Fp Test 1321,https://opensea.io/assets/0x495f947276749ce646f68ac8c248420045cb7b5e/105282133696278971909294323405992986946481282754168230213467739101783652302849
counter_63.gif,Counter 64,https://opensea.io/assets/0x495f947276749ce646f68ac8c248420045cb7b5e/105282133696278971909294323405992986946481282754168230213467739102883163930625
encode_213.gif,Encode 214,https://opensea.io/assets/0x495f947276749ce646f68ac8c248420045cb7b5e/105282133696278971909294323405992986946481282754168230213467739103982675558401
wizard_netstats_192.gif,Wizard Netstats 193,https://opensea.io/assets/0x495f947276749ce646f68ac8c248420045cb7b5e/105282133696278971909294323405992986946481282754168230213467739105082187186177
registry_298.gif,Registry 299,https://opensea.io/assets/0x495f947276749ce646f68ac8c248420045cb7b5e/105282133696278971909294323405992986946481282754168230213467739106181698813953
contracts_364.gif,Contracts 365,https://opensea.io/assets/0x495f947276749ce646f68ac8c248420045cb7b5e/105282133696278971909294323405992986946481282754168230213467739107281210441729
accessors_chain_test_261.gif,Accessors Chain Test 262,https://opensea.io/assets/0x495f947276749ce646f68ac8c248420045cb7b5e/105282133696278971909294323405992986946481282754168230213467739108380722069505
memory_table_54.gif,Memory Table 55,https://opensea.io/assets/0x495f947276749ce646f68ac8c248420045cb7b5e/105282133696278971909294323405992986946481282754168230213467739109480233697281
decode_test_906.gif,Decode Test 907,https://opensea.io/assets/0x495f947276749ce646f68ac8c248420045cb7b5e/105282133696278971909294323405992986946481282754168230213467739110579745325057
messages-management_1228.gif,Messages-management 1229,https://opensea.io/assets/0x495f947276749ce646f68ac8c248420045cb7b5e/105282133696278971909294323405992986946481282754168230213467739111679256952833
rpcstack_444.gif,Rpcstack 445,https://opensea.io/assets/0x495f947276749ce646f68ac8c248420045cb7b5e/105282133696278971909294323405992986946481282754168230213467739112778768580609
consensus_test_90.gif,Consensus Test 91,https://opensea.io/assets/0x495f947276749ce646f68ac8c248420045cb7b5e/105282133696278971909294323405992986946481282754168230213467739113878280208385
lattice_43.gif,Lattice 44,https://opensea.io/assets/0x495f947276749ce646f68ac8c248420045cb7b5e/105282133696278971909294323405992986946481282754168230213467739114977791836161
tx_fetcher_324.gif,Tx Fetcher 325,https://opensea.io/assets/0x495f947276749ce646f68ac8c248420045cb7b5e/105282133696278971909294323405992986946481282754168230213467739116077303463937
requestbasket_test_25.gif,Requestbasket Test 26,https://opensea.io/assets/0x495f947276749ce646f68ac8c248420045cb7b5e/105282133696278971909294323405992986946481282754168230213467739117176815091713
bytes_70.gif,Bytes 71,https://opensea.io/assets/0x495f947276749ce646f68ac8c248420045cb7b5e/105282133696278971909294323405992986946481282754168230213467739118276326719489
completion_test_24.gif,Completion Test 25,https://opensea.io/assets/0x495f947276749ce646f68ac8c248420045cb7b5e/105282133696278971909294323405992986946481282754168230213467739119375838347265
sample_191.gif,Sample 192,https://opensea.io/assets/0x495f947276749ce646f68ac8c248420045cb7b5e/105282133696278971909294323405992986946481282754168230213467739120475349975041
flags_test_24.gif,Flags Test 25,https://opensea.io/assets/0x495f947276749ce646f68ac8c248420045cb7b5e/105282133696278971909294323405992986946481282754168230213467739121574861602817
iterator_binary_41.gif,Iterator Binary 42,https://opensea.io/assets/0x495f947276749ce646f68ac8c248420045cb7b5e/105282133696278971909294323405992986946481282754168230213467739122674373230593
meter_test_7.gif,Meter Test 8,https://opensea.io/assets/0x495f947276749ce646f68ac8c248420045cb7b5e/105282133696278971909294323405992986946481282754168230213467739123773884858369
clientpool-fuzzer_150.gif,Clientpool-fuzzer 151,https://opensea.io/assets/0x495f947276749ce646f68ac8c248420045cb7b5e/105282133696278971909294323405992986946481282754168230213467739124873396486145
dial_test_281.gif,Dial Test 282,https://opensea.io/assets/0x495f947276749ce646f68ac8c248420045cb7b5e/105282133696278971909294323405992986946481282754168230213467739125972908113921
tx_fetcher_test_76.gif,Tx Fetcher Test 77,https://opensea.io/assets/0x495f947276749ce646f68ac8c248420045cb7b5e/105282133696278971909294323405992986946481282754168230213467739127072419741697
fp_test_1080.gif,Fp Test 1081,https://opensea.io/assets/0x495f947276749ce646f68ac8c248420045cb7b5e/105282133696278971909294323405992986946481282754168230213467739128171931369473
test_68.gif,Test 69,https://opensea.io/assets/0x495f947276749ce646f68ac8c248420045cb7b5e/105282133696278971909294323405992986946481282754168230213467739129271442997249
messages_635.gif,Messages 636,https://opensea.io/assets/0x495f947276749ce646f68ac8c248420045cb7b5e/105282133696278971909294323405992986946481282754168230213467739130370954625025
servingqueue_295.gif,Servingqueue 296,https://opensea.io/assets/0x495f947276749ce646f68ac8c248420045cb7b5e/105282133696278971909294323405992986946481282754168230213467739131470466252801
v5_udp_test_329.gif,V5 Udp Test 330,https://opensea.io/assets/0x495f947276749ce646f68ac8c248420045cb7b5e/105282133696278971909294323405992986946481282754168230213467739132569977880577
meter_189.gif,Meter 190,https://opensea.io/assets/0x495f947276749ce646f68ac8c248420045cb7b5e/105282133696278971909294323405992986946481282754168230213467739133669489508353
blockchain_sethead_test_328.gif,Blockchain Sethead Test 329,https://opensea.io/assets/0x495f947276749ce646f68ac8c248420045cb7b5e/105282133696278971909294323405992986946481282754168230213467739134769001136129
txpool_450.gif,Txpool 451,https://opensea.io/assets/0x495f947276749ce646f68ac8c248420045cb7b5e/105282133696278971909294323405992986946481282754168230213467739135868512763905
balance_377.gif,Balance 378,https://opensea.io/assets/0x495f947276749ce646f68ac8c248420045cb7b5e/105282133696278971909294323405992986946481282754168230213467739136968024391681
gethclient_test_90.gif,Gethclient Test 91,https://opensea.io/assets/0x495f947276749ce646f68ac8c248420045cb7b5e/105282133696278971909294323405992986946481282754168230213467739138067536019457
