0001.png,Cosmic Sun #0001,https://opensea.io/assets/matic/0x2953399124f0cbb46d2cbacd8a89cf0599974963/105282133696278971909294323405992986946481282754168230213467738939055931392001/
0002.png,Cosmic Sun #0002,https://opensea.io/assets/matic/0x2953399124f0cbb46d2cbacd8a89cf0599974963/105282133696278971909294323405992986946481282754168230213467738940155443019777/
0003.png,Cosmic Sun #0003,https://opensea.io/assets/matic/0x2953399124f0cbb46d2cbacd8a89cf0599974963/105282133696278971909294323405992986946481282754168230213467738941254954647553/
0004.png,Cosmic Sun #0004,https://opensea.io/assets/matic/0x2953399124f0cbb46d2cbacd8a89cf0599974963/105282133696278971909294323405992986946481282754168230213467738942354466275329/
0005.png,Cosmic Sun #0005,https://opensea.io/assets/matic/0x2953399124f0cbb46d2cbacd8a89cf0599974963/105282133696278971909294323405992986946481282754168230213467738943453977903105/
0006.png,Cosmic Sun #0006,https://opensea.io/assets/matic/0x2953399124f0cbb46d2cbacd8a89cf0599974963/105282133696278971909294323405992986946481282754168230213467738944553489530881/
0007.png,Cosmic Sun #0007,https://opensea.io/assets/matic/0x2953399124f0cbb46d2cbacd8a89cf0599974963/105282133696278971909294323405992986946481282754168230213467738945653001158657/
0008.png,Cosmic Sun #0008,https://opensea.io/assets/matic/0x2953399124f0cbb46d2cbacd8a89cf0599974963/105282133696278971909294323405992986946481282754168230213467738946752512786433/
0009.png,Cosmic Sun #0009,https://opensea.io/assets/matic/0x2953399124f0cbb46d2cbacd8a89cf0599974963/105282133696278971909294323405992986946481282754168230213467738947852024414209/
0010.png,Cosmic Sun #0010,https://opensea.io/assets/matic/0x2953399124f0cbb46d2cbacd8a89cf0599974963/105282133696278971909294323405992986946481282754168230213467738948951536041985/
0011.png,Cosmic Sun #0011,https://opensea.io/assets/matic/0x2953399124f0cbb46d2cbacd8a89cf0599974963/105282133696278971909294323405992986946481282754168230213467738950051047669761/
0012.png,Cosmic Sun #0012,https://opensea.io/assets/matic/0x2953399124f0cbb46d2cbacd8a89cf0599974963/105282133696278971909294323405992986946481282754168230213467738951150559297537/
0013.png,Cosmic Sun #0013,https://opensea.io/assets/matic/0x2953399124f0cbb46d2cbacd8a89cf0599974963/105282133696278971909294323405992986946481282754168230213467738952250070925313/
0014.png,Cosmic Sun #0014,https://opensea.io/assets/matic/0x2953399124f0cbb46d2cbacd8a89cf0599974963/105282133696278971909294323405992986946481282754168230213467738953349582553089/
0015.png,Cosmic Sun #0015,https://opensea.io/assets/matic/0x2953399124f0cbb46d2cbacd8a89cf0599974963/105282133696278971909294323405992986946481282754168230213467738954449094180865/
0016.png,Cosmic Sun #0016,https://opensea.io/assets/matic/0x2953399124f0cbb46d2cbacd8a89cf0599974963/105282133696278971909294323405992986946481282754168230213467738955548605808641/
0017.png,Cosmic Sun #0017,https://opensea.io/assets/matic/0x2953399124f0cbb46d2cbacd8a89cf0599974963/105282133696278971909294323405992986946481282754168230213467738956648117436417/
0018.png,Cosmic Sun #0018,https://opensea.io/assets/matic/0x2953399124f0cbb46d2cbacd8a89cf0599974963/105282133696278971909294323405992986946481282754168230213467738957747629064193/
0019.png,Cosmic Sun #0019,https://opensea.io/assets/matic/0x2953399124f0cbb46d2cbacd8a89cf0599974963/105282133696278971909294323405992986946481282754168230213467738958847140691969/
0020.png,Cosmic Sun #0020,https://opensea.io/assets/matic/0x2953399124f0cbb46d2cbacd8a89cf0599974963/105282133696278971909294323405992986946481282754168230213467738959946652319745/
