5e8c9450-65b2-4fdd-b3b3-8d530b5a22da.png,Imaginative Movement,https://opensea.io/assets/matic/0x2953399124f0cbb46d2cbacd8a89cf0599974963/105282133696278971909294323405992986946481282754168230213467739043509536030721/
c94988bd-e05f-4bbc-b952-6fb25b7decd2.png,Serene Subconscious,https://opensea.io/assets/matic/0x2953399124f0cbb46d2cbacd8a89cf0599974963/105282133696278971909294323405992986946481282754168230213467739044609047658497/
4682dc52-5ef4-4d5b-afd0-250175d15706.png,Distinctive Abundance,https://opensea.io/assets/matic/0x2953399124f0cbb46d2cbacd8a89cf0599974963/105282133696278971909294323405992986946481282754168230213467739045708559286273/
8cad4277-92d9-45f8-a6d0-4c9ec7ca3608.png,Lifelike Splendor,https://opensea.io/assets/matic/0x2953399124f0cbb46d2cbacd8a89cf0599974963/105282133696278971909294323405992986946481282754168230213467739046808070914049/
7103b2a4-59f3-4514-8bc2-421b4c2cb624.png,Avant-garde Perspective,https://opensea.io/assets/matic/0x2953399124f0cbb46d2cbacd8a89cf0599974963/105282133696278971909294323405992986946481282754168230213467739047907582541825/
7d923ffb-9b71-4d7b-b466-d527590baebf.png,Luminous Inspiration,https://opensea.io/assets/matic/0x2953399124f0cbb46d2cbacd8a89cf0599974963/105282133696278971909294323405992986946481282754168230213467739049007094169601/
caaf351e-d385-433c-8e83-e2d9a56fc39a.png,Radiant Format,https://opensea.io/assets/matic/0x2953399124f0cbb46d2cbacd8a89cf0599974963/105282133696278971909294323405992986946481282754168230213467739050106605797377/
db12de5b-66b3-49e1-a1f3-0b2beefcea71.png,Explosive Expression,https://opensea.io/assets/matic/0x2953399124f0cbb46d2cbacd8a89cf0599974963/105282133696278971909294323405992986946481282754168230213467739051206117425153/
27613a6e-db87-449f-8994-5934891a48ae.png,Fresh Beauty,https://opensea.io/assets/matic/0x2953399124f0cbb46d2cbacd8a89cf0599974963/105282133696278971909294323405992986946481282754168230213467739052305629052929/
d44059f3-b077-4466-b484-e6c13ad507bb.png,Semi-abstract Shading,https://opensea.io/assets/matic/0x2953399124f0cbb46d2cbacd8a89cf0599974963/105282133696278971909294323405992986946481282754168230213467739053405140680705/
