0009.gif,Crypto Warriors #0009,https://opensea.io/assets/0x495f947276749ce646f68ac8c248420045cb7b5e/105282133696278971909294323405992986946481282754168230213467739603160954568705
0010.gif,Crypto Warriors #0010,https://opensea.io/assets/0x495f947276749ce646f68ac8c248420045cb7b5e/105282133696278971909294323405992986946481282754168230213467739604260466196481
0011.gif,Crypto Warriors #0011,https://opensea.io/assets/0x495f947276749ce646f68ac8c248420045cb7b5e/105282133696278971909294323405992986946481282754168230213467739605359977824257
0012.gif,Crypto Warriors #0012,https://opensea.io/assets/0x495f947276749ce646f68ac8c248420045cb7b5e/105282133696278971909294323405992986946481282754168230213467739606459489452033
0013.gif,Crypto Warriors #0013,https://opensea.io/assets/0x495f947276749ce646f68ac8c248420045cb7b5e/105282133696278971909294323405992986946481282754168230213467739607559001079809
0014.gif,Crypto Warriors #0014,https://opensea.io/assets/0x495f947276749ce646f68ac8c248420045cb7b5e/105282133696278971909294323405992986946481282754168230213467739608658512707585
0015.gif,Crypto Warriors #0015,https://opensea.io/assets/0x495f947276749ce646f68ac8c248420045cb7b5e/105282133696278971909294323405992986946481282754168230213467739609758024335361
0016.gif,Crypto Warriors #0016,https://opensea.io/assets/0x495f947276749ce646f68ac8c248420045cb7b5e/105282133696278971909294323405992986946481282754168230213467739610857535963137
0017.gif,Crypto Warriors #0017,https://opensea.io/assets/0x495f947276749ce646f68ac8c248420045cb7b5e/105282133696278971909294323405992986946481282754168230213467739611957047590913
0018.gif,Crypto Warriors #0018,https://opensea.io/assets/0x495f947276749ce646f68ac8c248420045cb7b5e/105282133696278971909294323405992986946481282754168230213467739613056559218689
0019.gif,Crypto Warriors #0019,https://opensea.io/assets/0x495f947276749ce646f68ac8c248420045cb7b5e/105282133696278971909294323405992986946481282754168230213467739614156070846465
0020.gif,Crypto Warriors #0020,https://opensea.io/assets/0x495f947276749ce646f68ac8c248420045cb7b5e/105282133696278971909294323405992986946481282754168230213467739615255582474241
0021.gif,Crypto Warriors #0021,https://opensea.io/assets/0x495f947276749ce646f68ac8c248420045cb7b5e/105282133696278971909294323405992986946481282754168230213467739616355094102017
0022.gif,Crypto Warriors #0022,https://opensea.io/assets/0x495f947276749ce646f68ac8c248420045cb7b5e/105282133696278971909294323405992986946481282754168230213467739617454605729793
0023.gif,Crypto Warriors #0023,https://opensea.io/assets/0x495f947276749ce646f68ac8c248420045cb7b5e/105282133696278971909294323405992986946481282754168230213467739618554117357569
0024.gif,Crypto Warriors #0024,https://opensea.io/assets/0x495f947276749ce646f68ac8c248420045cb7b5e/105282133696278971909294323405992986946481282754168230213467739619653628985345
0025.gif,Crypto Warriors #0025,https://opensea.io/assets/0x495f947276749ce646f68ac8c248420045cb7b5e/105282133696278971909294323405992986946481282754168230213467739620753140613121
0026.gif,Crypto Warriors #0026,https://opensea.io/assets/0x495f947276749ce646f68ac8c248420045cb7b5e/105282133696278971909294323405992986946481282754168230213467739621852652240897
0027.gif,Crypto Warriors #0027,https://opensea.io/assets/0x495f947276749ce646f68ac8c248420045cb7b5e/105282133696278971909294323405992986946481282754168230213467739622952163868673
0028.gif,Crypto Warriors #0028,https://opensea.io/assets/0x495f947276749ce646f68ac8c248420045cb7b5e/105282133696278971909294323405992986946481282754168230213467739624051675496449
0029.gif,Crypto Warriors #0029,https://opensea.io/assets/0x495f947276749ce646f68ac8c248420045cb7b5e/105282133696278971909294323405992986946481282754168230213467739625151187124225
0030.gif,Crypto Warriors #0030,https://opensea.io/assets/0x495f947276749ce646f68ac8c248420045cb7b5e/105282133696278971909294323405992986946481282754168230213467739626250698752001
0031.gif,Crypto Warriors #0031,https://opensea.io/assets/0x495f947276749ce646f68ac8c248420045cb7b5e/105282133696278971909294323405992986946481282754168230213467739627350210379777
0032.gif,Crypto Warriors #0032,https://opensea.io/assets/0x495f947276749ce646f68ac8c248420045cb7b5e/105282133696278971909294323405992986946481282754168230213467739628449722007553
0033.gif,Crypto Warriors #0033,https://opensea.io/assets/0x495f947276749ce646f68ac8c248420045cb7b5e/105282133696278971909294323405992986946481282754168230213467739629549233635329
0034.gif,Crypto Warriors #0034,https://opensea.io/assets/0x495f947276749ce646f68ac8c248420045cb7b5e/105282133696278971909294323405992986946481282754168230213467739630648745263105
0035.gif,Crypto Warriors #0035,https://opensea.io/assets/0x495f947276749ce646f68ac8c248420045cb7b5e/105282133696278971909294323405992986946481282754168230213467739631748256890881
0036.gif,Crypto Warriors #0036,https://opensea.io/assets/0x495f947276749ce646f68ac8c248420045cb7b5e/105282133696278971909294323405992986946481282754168230213467739632847768518657
0037.gif,Crypto Warriors #0037,https://opensea.io/assets/0x495f947276749ce646f68ac8c248420045cb7b5e/105282133696278971909294323405992986946481282754168230213467739633947280146433
0038.gif,Crypto Warriors #0038,https://opensea.io/assets/0x495f947276749ce646f68ac8c248420045cb7b5e/105282133696278971909294323405992986946481282754168230213467739635046791774209
0039.gif,Crypto Warriors #0039,https://opensea.io/assets/0x495f947276749ce646f68ac8c248420045cb7b5e/105282133696278971909294323405992986946481282754168230213467739636146303401985
0040.gif,Crypto Warriors #0040,https://opensea.io/assets/0x495f947276749ce646f68ac8c248420045cb7b5e/105282133696278971909294323405992986946481282754168230213467739637245815029761
0041.gif,Crypto Warriors #0041,https://opensea.io/assets/0x495f947276749ce646f68ac8c248420045cb7b5e/105282133696278971909294323405992986946481282754168230213467739638345326657537
0042.gif,Crypto Warriors #0042,https://opensea.io/assets/0x495f947276749ce646f68ac8c248420045cb7b5e/105282133696278971909294323405992986946481282754168230213467739639444838285313
0043.gif,Crypto Warriors #0043,https://opensea.io/assets/0x495f947276749ce646f68ac8c248420045cb7b5e/105282133696278971909294323405992986946481282754168230213467739640544349913089
0044.gif,Crypto Warriors #0044,https://opensea.io/assets/0x495f947276749ce646f68ac8c248420045cb7b5e/105282133696278971909294323405992986946481282754168230213467739641643861540865
0045.gif,Crypto Warriors #0045,https://opensea.io/assets/0x495f947276749ce646f68ac8c248420045cb7b5e/105282133696278971909294323405992986946481282754168230213467739642743373168641
0046.gif,Crypto Warriors #0046,https://opensea.io/assets/0x495f947276749ce646f68ac8c248420045cb7b5e/105282133696278971909294323405992986946481282754168230213467739643842884796417
0047.gif,Crypto Warriors #0047,https://opensea.io/assets/0x495f947276749ce646f68ac8c248420045cb7b5e/105282133696278971909294323405992986946481282754168230213467739644942396424193
0048.gif,Crypto Warriors #0048,https://opensea.io/assets/0x495f947276749ce646f68ac8c248420045cb7b5e/105282133696278971909294323405992986946481282754168230213467739646041908051969
0049.gif,Crypto Warriors #0049,https://opensea.io/assets/0x495f947276749ce646f68ac8c248420045cb7b5e/105282133696278971909294323405992986946481282754168230213467739647141419679745
0050.gif,Crypto Warriors #0050,https://opensea.io/assets/0x495f947276749ce646f68ac8c248420045cb7b5e/105282133696278971909294323405992986946481282754168230213467739648240931307521
0051.gif,Crypto Warriors #0051,https://opensea.io/assets/0x495f947276749ce646f68ac8c248420045cb7b5e/105282133696278971909294323405992986946481282754168230213467739649340442935297
0052.gif,Crypto Warriors #0052,https://opensea.io/assets/0x495f947276749ce646f68ac8c248420045cb7b5e/105282133696278971909294323405992986946481282754168230213467739650439954563073
0053.gif,Crypto Warriors #0053,https://opensea.io/assets/0x495f947276749ce646f68ac8c248420045cb7b5e/105282133696278971909294323405992986946481282754168230213467739651539466190849
0054.gif,Crypto Warriors #0054,https://opensea.io/assets/0x495f947276749ce646f68ac8c248420045cb7b5e/105282133696278971909294323405992986946481282754168230213467739652638977818625
0055.gif,Crypto Warriors #0055,https://opensea.io/assets/0x495f947276749ce646f68ac8c248420045cb7b5e/105282133696278971909294323405992986946481282754168230213467739653738489446401
0056.gif,Crypto Warriors #0056,https://opensea.io/assets/0x495f947276749ce646f68ac8c248420045cb7b5e/105282133696278971909294323405992986946481282754168230213467739654838001074177
0057.gif,Crypto Warriors #0057,https://opensea.io/assets/0x495f947276749ce646f68ac8c248420045cb7b5e/105282133696278971909294323405992986946481282754168230213467739655937512701953
0058.gif,Crypto Warriors #0058,https://opensea.io/assets/0x495f947276749ce646f68ac8c248420045cb7b5e/105282133696278971909294323405992986946481282754168230213467739657037024329729
0059.gif,Crypto Warriors #0059,https://opensea.io/assets/0x495f947276749ce646f68ac8c248420045cb7b5e/105282133696278971909294323405992986946481282754168230213467739658136535957505
0060.gif,Crypto Warriors #0060,https://opensea.io/assets/0x495f947276749ce646f68ac8c248420045cb7b5e/105282133696278971909294323405992986946481282754168230213467739659236047585281
0061.gif,Crypto Warriors #0061,https://opensea.io/assets/0x495f947276749ce646f68ac8c248420045cb7b5e/105282133696278971909294323405992986946481282754168230213467739660335559213057
0062.gif,Crypto Warriors #0062,https://opensea.io/assets/0x495f947276749ce646f68ac8c248420045cb7b5e/105282133696278971909294323405992986946481282754168230213467739661435070840833
0063.gif,Crypto Warriors #0063,https://opensea.io/assets/0x495f947276749ce646f68ac8c248420045cb7b5e/105282133696278971909294323405992986946481282754168230213467739662534582468609
0064.gif,Crypto Warriors #0064,https://opensea.io/assets/0x495f947276749ce646f68ac8c248420045cb7b5e/105282133696278971909294323405992986946481282754168230213467739663634094096385
0065.gif,Crypto Warriors #0065,https://opensea.io/assets/0x495f947276749ce646f68ac8c248420045cb7b5e/105282133696278971909294323405992986946481282754168230213467739664733605724161
0066.gif,Crypto Warriors #0066,https://opensea.io/assets/0x495f947276749ce646f68ac8c248420045cb7b5e/105282133696278971909294323405992986946481282754168230213467739665833117351937
0067.gif,Crypto Warriors #0067,https://opensea.io/assets/0x495f947276749ce646f68ac8c248420045cb7b5e/105282133696278971909294323405992986946481282754168230213467739666932628979713
0068.gif,Crypto Warriors #0068,https://opensea.io/assets/0x495f947276749ce646f68ac8c248420045cb7b5e/105282133696278971909294323405992986946481282754168230213467739668032140607489
0069.gif,Crypto Warriors #0069,https://opensea.io/assets/0x495f947276749ce646f68ac8c248420045cb7b5e/105282133696278971909294323405992986946481282754168230213467739669131652235265
0070.gif,Crypto Warriors #0070,https://opensea.io/assets/0x495f947276749ce646f68ac8c248420045cb7b5e/105282133696278971909294323405992986946481282754168230213467739670231163863041
0071.gif,Crypto Warriors #0071,https://opensea.io/assets/0x495f947276749ce646f68ac8c248420045cb7b5e/105282133696278971909294323405992986946481282754168230213467739671330675490817
0072.gif,Crypto Warriors #0072,https://opensea.io/assets/0x495f947276749ce646f68ac8c248420045cb7b5e/105282133696278971909294323405992986946481282754168230213467739672430187118593
0073.gif,Crypto Warriors #0073,https://opensea.io/assets/0x495f947276749ce646f68ac8c248420045cb7b5e/105282133696278971909294323405992986946481282754168230213467739673529698746369
0074.gif,Crypto Warriors #0074,https://opensea.io/assets/0x495f947276749ce646f68ac8c248420045cb7b5e/105282133696278971909294323405992986946481282754168230213467739674629210374145
0075.gif,Crypto Warriors #0075,https://opensea.io/assets/0x495f947276749ce646f68ac8c248420045cb7b5e/105282133696278971909294323405992986946481282754168230213467739675728722001921
0076.gif,Crypto Warriors #0076,https://opensea.io/assets/0x495f947276749ce646f68ac8c248420045cb7b5e/105282133696278971909294323405992986946481282754168230213467739676828233629697
0077.gif,Crypto Warriors #0077,https://opensea.io/assets/0x495f947276749ce646f68ac8c248420045cb7b5e/105282133696278971909294323405992986946481282754168230213467739677927745257473
0078.gif,Crypto Warriors #0078,https://opensea.io/assets/0x495f947276749ce646f68ac8c248420045cb7b5e/105282133696278971909294323405992986946481282754168230213467739679027256885249
0079.gif,Crypto Warriors #0079,https://opensea.io/assets/0x495f947276749ce646f68ac8c248420045cb7b5e/105282133696278971909294323405992986946481282754168230213467739680126768513025
0080.gif,Crypto Warriors #0080,https://opensea.io/assets/0x495f947276749ce646f68ac8c248420045cb7b5e/105282133696278971909294323405992986946481282754168230213467739681226280140801
0081.gif,Crypto Warriors #0081,https://opensea.io/assets/0x495f947276749ce646f68ac8c248420045cb7b5e/105282133696278971909294323405992986946481282754168230213467739682325791768577
0082.gif,Crypto Warriors #0082,https://opensea.io/assets/0x495f947276749ce646f68ac8c248420045cb7b5e/105282133696278971909294323405992986946481282754168230213467739683425303396353
0083.gif,Crypto Warriors #0083,https://opensea.io/assets/0x495f947276749ce646f68ac8c248420045cb7b5e/105282133696278971909294323405992986946481282754168230213467739684524815024129
0084.gif,Crypto Warriors #0084,https://opensea.io/assets/0x495f947276749ce646f68ac8c248420045cb7b5e/105282133696278971909294323405992986946481282754168230213467739685624326651905
0085.gif,Crypto Warriors #0085,https://opensea.io/assets/0x495f947276749ce646f68ac8c248420045cb7b5e/105282133696278971909294323405992986946481282754168230213467739686723838279681
0086.gif,Crypto Warriors #0086,https://opensea.io/assets/0x495f947276749ce646f68ac8c248420045cb7b5e/105282133696278971909294323405992986946481282754168230213467739687823349907457
0087.gif,Crypto Warriors #0087,https://opensea.io/assets/0x495f947276749ce646f68ac8c248420045cb7b5e/105282133696278971909294323405992986946481282754168230213467739688922861535233
0088.gif,Crypto Warriors #0088,https://opensea.io/assets/0x495f947276749ce646f68ac8c248420045cb7b5e/105282133696278971909294323405992986946481282754168230213467739690022373163009
0089.gif,Crypto Warriors #0089,https://opensea.io/assets/0x495f947276749ce646f68ac8c248420045cb7b5e/105282133696278971909294323405992986946481282754168230213467739691121884790785
0090.gif,Crypto Warriors #0090,https://opensea.io/assets/0x495f947276749ce646f68ac8c248420045cb7b5e/105282133696278971909294323405992986946481282754168230213467739692221396418561
0091.gif,Crypto Warriors #0091,https://opensea.io/assets/0x495f947276749ce646f68ac8c248420045cb7b5e/105282133696278971909294323405992986946481282754168230213467739693320908046337
0092.gif,Crypto Warriors #0092,https://opensea.io/assets/0x495f947276749ce646f68ac8c248420045cb7b5e/105282133696278971909294323405992986946481282754168230213467739694420419674113
0093.gif,Crypto Warriors #0093,https://opensea.io/assets/0x495f947276749ce646f68ac8c248420045cb7b5e/105282133696278971909294323405992986946481282754168230213467739695519931301889
0094.gif,Crypto Warriors #0094,https://opensea.io/assets/0x495f947276749ce646f68ac8c248420045cb7b5e/105282133696278971909294323405992986946481282754168230213467739696619442929665
0095.gif,Crypto Warriors #0095,https://opensea.io/assets/0x495f947276749ce646f68ac8c248420045cb7b5e/105282133696278971909294323405992986946481282754168230213467739697718954557441
0096.gif,Crypto Warriors #0096,https://opensea.io/assets/0x495f947276749ce646f68ac8c248420045cb7b5e/105282133696278971909294323405992986946481282754168230213467739698818466185217
0097.gif,Crypto Warriors #0097,https://opensea.io/assets/0x495f947276749ce646f68ac8c248420045cb7b5e/105282133696278971909294323405992986946481282754168230213467739699917977812993
0098.gif,Crypto Warriors #0098,https://opensea.io/assets/0x495f947276749ce646f68ac8c248420045cb7b5e/105282133696278971909294323405992986946481282754168230213467739701017489440769
0099.gif,Crypto Warriors #0099,https://opensea.io/assets/0x495f947276749ce646f68ac8c248420045cb7b5e/105282133696278971909294323405992986946481282754168230213467739702117001068545
0100.gif,Crypto Warriors #0100,https://opensea.io/assets/0x495f947276749ce646f68ac8c248420045cb7b5e/105282133696278971909294323405992986946481282754168230213467739703216512696321
0101.gif,Crypto Warriors #0101,https://opensea.io/assets/0x495f947276749ce646f68ac8c248420045cb7b5e/105282133696278971909294323405992986946481282754168230213467739704316024324097
0102.gif,Crypto Warriors #0102,https://opensea.io/assets/0x495f947276749ce646f68ac8c248420045cb7b5e/105282133696278971909294323405992986946481282754168230213467739705415535951873
0103.gif,Crypto Warriors #0103,https://opensea.io/assets/0x495f947276749ce646f68ac8c248420045cb7b5e/105282133696278971909294323405992986946481282754168230213467739706515047579649
0104.gif,Crypto Warriors #0104,https://opensea.io/assets/0x495f947276749ce646f68ac8c248420045cb7b5e/105282133696278971909294323405992986946481282754168230213467739707614559207425
0105.gif,Crypto Warriors #0105,https://opensea.io/assets/0x495f947276749ce646f68ac8c248420045cb7b5e/105282133696278971909294323405992986946481282754168230213467739708714070835201
0106.gif,Crypto Warriors #0106,https://opensea.io/assets/0x495f947276749ce646f68ac8c248420045cb7b5e/105282133696278971909294323405992986946481282754168230213467739709813582462977
0107.gif,Crypto Warriors #0107,https://opensea.io/assets/0x495f947276749ce646f68ac8c248420045cb7b5e/105282133696278971909294323405992986946481282754168230213467739710913094090753
0108.gif,Crypto Warriors #0108,https://opensea.io/assets/0x495f947276749ce646f68ac8c248420045cb7b5e/105282133696278971909294323405992986946481282754168230213467739712012605718529
0109.gif,Crypto Warriors #0109,https://opensea.io/assets/0x495f947276749ce646f68ac8c248420045cb7b5e/105282133696278971909294323405992986946481282754168230213467739713112117346305
0110.gif,Crypto Warriors #0110,https://opensea.io/assets/0x495f947276749ce646f68ac8c248420045cb7b5e/105282133696278971909294323405992986946481282754168230213467739714211628974081
0111.gif,Crypto Warriors #0111,https://opensea.io/assets/0x495f947276749ce646f68ac8c248420045cb7b5e/105282133696278971909294323405992986946481282754168230213467739715311140601857
0112.gif,Crypto Warriors #0112,https://opensea.io/assets/0x495f947276749ce646f68ac8c248420045cb7b5e/105282133696278971909294323405992986946481282754168230213467739716410652229633
0113.gif,Crypto Warriors #0113,https://opensea.io/assets/0x495f947276749ce646f68ac8c248420045cb7b5e/105282133696278971909294323405992986946481282754168230213467739717510163857409
0114.gif,Crypto Warriors #0114,https://opensea.io/assets/0x495f947276749ce646f68ac8c248420045cb7b5e/105282133696278971909294323405992986946481282754168230213467739718609675485185
0115.gif,Crypto Warriors #0115,https://opensea.io/assets/0x495f947276749ce646f68ac8c248420045cb7b5e/105282133696278971909294323405992986946481282754168230213467739719709187112961
0116.gif,Crypto Warriors #0116,https://opensea.io/assets/0x495f947276749ce646f68ac8c248420045cb7b5e/105282133696278971909294323405992986946481282754168230213467739720808698740737
0117.gif,Crypto Warriors #0117,https://opensea.io/assets/0x495f947276749ce646f68ac8c248420045cb7b5e/105282133696278971909294323405992986946481282754168230213467739721908210368513
0118.gif,Crypto Warriors #0118,https://opensea.io/assets/0x495f947276749ce646f68ac8c248420045cb7b5e/105282133696278971909294323405992986946481282754168230213467739723007721996289
0119.gif,Crypto Warriors #0119,https://opensea.io/assets/0x495f947276749ce646f68ac8c248420045cb7b5e/105282133696278971909294323405992986946481282754168230213467739724107233624065
0120.gif,Crypto Warriors #0120,https://opensea.io/assets/0x495f947276749ce646f68ac8c248420045cb7b5e/105282133696278971909294323405992986946481282754168230213467739726306256879617
0121.gif,Crypto Warriors #0121,https://opensea.io/assets/0x495f947276749ce646f68ac8c248420045cb7b5e/105282133696278971909294323405992986946481282754168230213467739727405768507393
0122.gif,Crypto Warriors #0122,https://opensea.io/assets/0x495f947276749ce646f68ac8c248420045cb7b5e/105282133696278971909294323405992986946481282754168230213467739728505280135169
0123.gif,Crypto Warriors #0123,https://opensea.io/assets/0x495f947276749ce646f68ac8c248420045cb7b5e/105282133696278971909294323405992986946481282754168230213467739729604791762945
0124.gif,Crypto Warriors #0124,https://opensea.io/assets/0x495f947276749ce646f68ac8c248420045cb7b5e/105282133696278971909294323405992986946481282754168230213467739730704303390721
0125.gif,Crypto Warriors #0125,https://opensea.io/assets/0x495f947276749ce646f68ac8c248420045cb7b5e/105282133696278971909294323405992986946481282754168230213467739731803815018497
0126.gif,Crypto Warriors #0126,https://opensea.io/assets/0x495f947276749ce646f68ac8c248420045cb7b5e/105282133696278971909294323405992986946481282754168230213467739732903326646273
0127.gif,Crypto Warriors #0127,https://opensea.io/assets/0x495f947276749ce646f68ac8c248420045cb7b5e/105282133696278971909294323405992986946481282754168230213467739734002838274049
0128.gif,Crypto Warriors #0128,https://opensea.io/assets/0x495f947276749ce646f68ac8c248420045cb7b5e/105282133696278971909294323405992986946481282754168230213467739735102349901825
0129.gif,Crypto Warriors #0129,https://opensea.io/assets/0x495f947276749ce646f68ac8c248420045cb7b5e/105282133696278971909294323405992986946481282754168230213467739736201861529601
0130.gif,Crypto Warriors #0130,https://opensea.io/assets/0x495f947276749ce646f68ac8c248420045cb7b5e/105282133696278971909294323405992986946481282754168230213467739737301373157377
0131.gif,Crypto Warriors #0131,https://opensea.io/assets/0x495f947276749ce646f68ac8c248420045cb7b5e/105282133696278971909294323405992986946481282754168230213467739738400884785153
0132.gif,Crypto Warriors #0132,https://opensea.io/assets/0x495f947276749ce646f68ac8c248420045cb7b5e/105282133696278971909294323405992986946481282754168230213467739739500396412929
0133.gif,Crypto Warriors #0133,https://opensea.io/assets/0x495f947276749ce646f68ac8c248420045cb7b5e/105282133696278971909294323405992986946481282754168230213467739740599908040705
0134.gif,Crypto Warriors #0134,https://opensea.io/assets/0x495f947276749ce646f68ac8c248420045cb7b5e/105282133696278971909294323405992986946481282754168230213467739741699419668481
0135.gif,Crypto Warriors #0135,https://opensea.io/assets/0x495f947276749ce646f68ac8c248420045cb7b5e/105282133696278971909294323405992986946481282754168230213467739742798931296257
0136.gif,Crypto Warriors #0136,https://opensea.io/assets/0x495f947276749ce646f68ac8c248420045cb7b5e/105282133696278971909294323405992986946481282754168230213467739743898442924033
0137.gif,Crypto Warriors #0137,https://opensea.io/assets/0x495f947276749ce646f68ac8c248420045cb7b5e/105282133696278971909294323405992986946481282754168230213467739744997954551809
0138.gif,Crypto Warriors #0138,https://opensea.io/assets/0x495f947276749ce646f68ac8c248420045cb7b5e/105282133696278971909294323405992986946481282754168230213467739746097466179585
0139.gif,Crypto Warriors #0139,https://opensea.io/assets/0x495f947276749ce646f68ac8c248420045cb7b5e/105282133696278971909294323405992986946481282754168230213467739747196977807361
0140.gif,Crypto Warriors #0140,https://opensea.io/assets/0x495f947276749ce646f68ac8c248420045cb7b5e/105282133696278971909294323405992986946481282754168230213467739748296489435137
0141.gif,Crypto Warriors #0141,https://opensea.io/assets/0x495f947276749ce646f68ac8c248420045cb7b5e/105282133696278971909294323405992986946481282754168230213467739749396001062913
0142.gif,Crypto Warriors #0142,https://opensea.io/assets/0x495f947276749ce646f68ac8c248420045cb7b5e/105282133696278971909294323405992986946481282754168230213467739750495512690689
0143.gif,Crypto Warriors #0143,https://opensea.io/assets/0x495f947276749ce646f68ac8c248420045cb7b5e/105282133696278971909294323405992986946481282754168230213467739751595024318465
0144.gif,Crypto Warriors #0144,https://opensea.io/assets/0x495f947276749ce646f68ac8c248420045cb7b5e/105282133696278971909294323405992986946481282754168230213467739752694535946241
0145.gif,Crypto Warriors #0145,https://opensea.io/assets/0x495f947276749ce646f68ac8c248420045cb7b5e/105282133696278971909294323405992986946481282754168230213467739753794047574017
0146.gif,Crypto Warriors #0146,https://opensea.io/assets/0x495f947276749ce646f68ac8c248420045cb7b5e/105282133696278971909294323405992986946481282754168230213467739754893559201793
0147.gif,Crypto Warriors #0147,https://opensea.io/assets/0x495f947276749ce646f68ac8c248420045cb7b5e/105282133696278971909294323405992986946481282754168230213467739755993070829569
0148.gif,Crypto Warriors #0148,https://opensea.io/assets/0x495f947276749ce646f68ac8c248420045cb7b5e/105282133696278971909294323405992986946481282754168230213467739757092582457345
0149.gif,Crypto Warriors #0149,https://opensea.io/assets/0x495f947276749ce646f68ac8c248420045cb7b5e/105282133696278971909294323405992986946481282754168230213467739758192094085121
0150.gif,Crypto Warriors #0150,https://opensea.io/assets/0x495f947276749ce646f68ac8c248420045cb7b5e/105282133696278971909294323405992986946481282754168230213467739759291605712897
0151.gif,Crypto Warriors #0151,https://opensea.io/assets/0x495f947276749ce646f68ac8c248420045cb7b5e/105282133696278971909294323405992986946481282754168230213467739760391117340673
0152.gif,Crypto Warriors #0152,https://opensea.io/assets/0x495f947276749ce646f68ac8c248420045cb7b5e/105282133696278971909294323405992986946481282754168230213467739761490628968449
0153.gif,Crypto Warriors #0153,https://opensea.io/assets/0x495f947276749ce646f68ac8c248420045cb7b5e/105282133696278971909294323405992986946481282754168230213467739762590140596225
0154.gif,Crypto Warriors #0154,https://opensea.io/assets/0x495f947276749ce646f68ac8c248420045cb7b5e/105282133696278971909294323405992986946481282754168230213467739763689652224001
0155.gif,Crypto Warriors #0155,https://opensea.io/assets/0x495f947276749ce646f68ac8c248420045cb7b5e/105282133696278971909294323405992986946481282754168230213467739764789163851777
0156.gif,Crypto Warriors #0156,https://opensea.io/assets/0x495f947276749ce646f68ac8c248420045cb7b5e/105282133696278971909294323405992986946481282754168230213467739765888675479553
0157.gif,Crypto Warriors #0157,https://opensea.io/assets/0x495f947276749ce646f68ac8c248420045cb7b5e/105282133696278971909294323405992986946481282754168230213467739766988187107329
0158.gif,Crypto Warriors #0158,https://opensea.io/assets/0x495f947276749ce646f68ac8c248420045cb7b5e/105282133696278971909294323405992986946481282754168230213467739768087698735105
0159.gif,Crypto Warriors #0159,https://opensea.io/assets/0x495f947276749ce646f68ac8c248420045cb7b5e/105282133696278971909294323405992986946481282754168230213467739769187210362881
0160.gif,Crypto Warriors #0160,https://opensea.io/assets/0x495f947276749ce646f68ac8c248420045cb7b5e/105282133696278971909294323405992986946481282754168230213467739770286721990657
0161.gif,Crypto Warriors #0161,https://opensea.io/assets/0x495f947276749ce646f68ac8c248420045cb7b5e/105282133696278971909294323405992986946481282754168230213467739771386233618433
0162.gif,Crypto Warriors #0162,https://opensea.io/assets/0x495f947276749ce646f68ac8c248420045cb7b5e/105282133696278971909294323405992986946481282754168230213467739772485745246209
