0009.gif,Hashed Chaos #0009,https://opensea.io/assets/0x495f947276749ce646f68ac8c248420045cb7b5e/105282133696278971909294323405992986946481282754168230213467739387656675524609
0010.gif,Hashed Chaos #0010,https://opensea.io/assets/0x495f947276749ce646f68ac8c248420045cb7b5e/105282133696278971909294323405992986946481282754168230213467739388756187152385
0011.gif,Hashed Chaos #0011,https://opensea.io/assets/0x495f947276749ce646f68ac8c248420045cb7b5e/105282133696278971909294323405992986946481282754168230213467739389855698780161
0012.gif,Hashed Chaos #0012,https://opensea.io/assets/0x495f947276749ce646f68ac8c248420045cb7b5e/105282133696278971909294323405992986946481282754168230213467739390955210407937
0013.gif,Hashed Chaos #0013,https://opensea.io/assets/0x495f947276749ce646f68ac8c248420045cb7b5e/105282133696278971909294323405992986946481282754168230213467739392054722035713
0014.gif,Hashed Chaos #0014,https://opensea.io/assets/0x495f947276749ce646f68ac8c248420045cb7b5e/105282133696278971909294323405992986946481282754168230213467739393154233663489
0015.gif,Hashed Chaos #0015,https://opensea.io/assets/0x495f947276749ce646f68ac8c248420045cb7b5e/105282133696278971909294323405992986946481282754168230213467739394253745291265
0016.gif,Hashed Chaos #0016,https://opensea.io/assets/0x495f947276749ce646f68ac8c248420045cb7b5e/105282133696278971909294323405992986946481282754168230213467739395353256919041
0017.gif,Hashed Chaos #0017,https://opensea.io/assets/0x495f947276749ce646f68ac8c248420045cb7b5e/105282133696278971909294323405992986946481282754168230213467739396452768546817
0018.gif,Hashed Chaos #0018,https://opensea.io/assets/0x495f947276749ce646f68ac8c248420045cb7b5e/105282133696278971909294323405992986946481282754168230213467739397552280174593
0019.gif,Hashed Chaos #0019,https://opensea.io/assets/0x495f947276749ce646f68ac8c248420045cb7b5e/105282133696278971909294323405992986946481282754168230213467739398651791802369
0020.gif,Hashed Chaos #0020,https://opensea.io/assets/0x495f947276749ce646f68ac8c248420045cb7b5e/105282133696278971909294323405992986946481282754168230213467739399751303430145
0021.gif,Hashed Chaos #0021,https://opensea.io/assets/0x495f947276749ce646f68ac8c248420045cb7b5e/105282133696278971909294323405992986946481282754168230213467739400850815057921
0022.gif,Hashed Chaos #0022,https://opensea.io/assets/0x495f947276749ce646f68ac8c248420045cb7b5e/105282133696278971909294323405992986946481282754168230213467739401950326685697
0023.gif,Hashed Chaos #0023,https://opensea.io/assets/0x495f947276749ce646f68ac8c248420045cb7b5e/105282133696278971909294323405992986946481282754168230213467739403049838313473
0024.gif,Hashed Chaos #0024,https://opensea.io/assets/0x495f947276749ce646f68ac8c248420045cb7b5e/105282133696278971909294323405992986946481282754168230213467739404149349941249
0025.gif,Hashed Chaos #0025,https://opensea.io/assets/0x495f947276749ce646f68ac8c248420045cb7b5e/105282133696278971909294323405992986946481282754168230213467739405248861569025
0026.gif,Hashed Chaos #0026,https://opensea.io/assets/0x495f947276749ce646f68ac8c248420045cb7b5e/105282133696278971909294323405992986946481282754168230213467739406348373196801
0027.gif,Hashed Chaos #0027,https://opensea.io/assets/0x495f947276749ce646f68ac8c248420045cb7b5e/105282133696278971909294323405992986946481282754168230213467739407447884824577
0028.gif,Hashed Chaos #0028,https://opensea.io/assets/0x495f947276749ce646f68ac8c248420045cb7b5e/105282133696278971909294323405992986946481282754168230213467739408547396452353
0029.gif,Hashed Chaos #0029,https://opensea.io/assets/0x495f947276749ce646f68ac8c248420045cb7b5e/105282133696278971909294323405992986946481282754168230213467739409646908080129
0030.gif,Hashed Chaos #0030,https://opensea.io/assets/0x495f947276749ce646f68ac8c248420045cb7b5e/105282133696278971909294323405992986946481282754168230213467739410746419707905
0031.gif,Hashed Chaos #0031,https://opensea.io/assets/0x495f947276749ce646f68ac8c248420045cb7b5e/105282133696278971909294323405992986946481282754168230213467739411845931335681
0032.gif,Hashed Chaos #0032,https://opensea.io/assets/0x495f947276749ce646f68ac8c248420045cb7b5e/105282133696278971909294323405992986946481282754168230213467739412945442963457
0033.gif,Hashed Chaos #0033,https://opensea.io/assets/0x495f947276749ce646f68ac8c248420045cb7b5e/105282133696278971909294323405992986946481282754168230213467739414044954591233
0034.gif,Hashed Chaos #0034,https://opensea.io/assets/0x495f947276749ce646f68ac8c248420045cb7b5e/105282133696278971909294323405992986946481282754168230213467739415144466219009
0035.gif,Hashed Chaos #0035,https://opensea.io/assets/0x495f947276749ce646f68ac8c248420045cb7b5e/105282133696278971909294323405992986946481282754168230213467739416243977846785
0036.gif,Hashed Chaos #0036,https://opensea.io/assets/0x495f947276749ce646f68ac8c248420045cb7b5e/105282133696278971909294323405992986946481282754168230213467739417343489474561
0037.gif,Hashed Chaos #0037,https://opensea.io/assets/0x495f947276749ce646f68ac8c248420045cb7b5e/105282133696278971909294323405992986946481282754168230213467739418443001102337
0038.gif,Hashed Chaos #0038,https://opensea.io/assets/0x495f947276749ce646f68ac8c248420045cb7b5e/105282133696278971909294323405992986946481282754168230213467739419542512730113
0039.gif,Hashed Chaos #0039,https://opensea.io/assets/0x495f947276749ce646f68ac8c248420045cb7b5e/105282133696278971909294323405992986946481282754168230213467739420642024357889
0040.gif,Hashed Chaos #0040,https://opensea.io/assets/0x495f947276749ce646f68ac8c248420045cb7b5e/105282133696278971909294323405992986946481282754168230213467739421741535985665
0041.gif,Hashed Chaos #0041,https://opensea.io/assets/0x495f947276749ce646f68ac8c248420045cb7b5e/105282133696278971909294323405992986946481282754168230213467739422841047613441
0042.gif,Hashed Chaos #0042,https://opensea.io/assets/0x495f947276749ce646f68ac8c248420045cb7b5e/105282133696278971909294323405992986946481282754168230213467739423940559241217
0043.gif,Hashed Chaos #0043,https://opensea.io/assets/0x495f947276749ce646f68ac8c248420045cb7b5e/105282133696278971909294323405992986946481282754168230213467739425040070868993
0044.gif,Hashed Chaos #0044,https://opensea.io/assets/0x495f947276749ce646f68ac8c248420045cb7b5e/105282133696278971909294323405992986946481282754168230213467739426139582496769
0045.gif,Hashed Chaos #0045,https://opensea.io/assets/0x495f947276749ce646f68ac8c248420045cb7b5e/105282133696278971909294323405992986946481282754168230213467739427239094124545
0046.gif,Hashed Chaos #0046,https://opensea.io/assets/0x495f947276749ce646f68ac8c248420045cb7b5e/105282133696278971909294323405992986946481282754168230213467739428338605752321
0047.gif,Hashed Chaos #0047,https://opensea.io/assets/0x495f947276749ce646f68ac8c248420045cb7b5e/105282133696278971909294323405992986946481282754168230213467739429438117380097
0048.gif,Hashed Chaos #0048,https://opensea.io/assets/0x495f947276749ce646f68ac8c248420045cb7b5e/105282133696278971909294323405992986946481282754168230213467739430537629007873
0049.gif,Hashed Chaos #0049,https://opensea.io/assets/0x495f947276749ce646f68ac8c248420045cb7b5e/105282133696278971909294323405992986946481282754168230213467739431637140635649
0050.gif,Hashed Chaos #0050,https://opensea.io/assets/0x495f947276749ce646f68ac8c248420045cb7b5e/105282133696278971909294323405992986946481282754168230213467739432736652263425
0051.gif,Hashed Chaos #0051,https://opensea.io/assets/0x495f947276749ce646f68ac8c248420045cb7b5e/105282133696278971909294323405992986946481282754168230213467739433836163891201
0052.gif,Hashed Chaos #0052,https://opensea.io/assets/0x495f947276749ce646f68ac8c248420045cb7b5e/105282133696278971909294323405992986946481282754168230213467739434935675518977
0053.gif,Hashed Chaos #0053,https://opensea.io/assets/0x495f947276749ce646f68ac8c248420045cb7b5e/105282133696278971909294323405992986946481282754168230213467739436035187146753
0054.gif,Hashed Chaos #0054,https://opensea.io/assets/0x495f947276749ce646f68ac8c248420045cb7b5e/105282133696278971909294323405992986946481282754168230213467739437134698774529
0055.gif,Hashed Chaos #0055,https://opensea.io/assets/0x495f947276749ce646f68ac8c248420045cb7b5e/105282133696278971909294323405992986946481282754168230213467739439333722030081
0056.gif,Hashed Chaos #0056,https://opensea.io/assets/0x495f947276749ce646f68ac8c248420045cb7b5e/105282133696278971909294323405992986946481282754168230213467739440433233657857
0057.gif,Hashed Chaos #0057,https://opensea.io/assets/0x495f947276749ce646f68ac8c248420045cb7b5e/105282133696278971909294323405992986946481282754168230213467739441532745285633
0058.gif,Hashed Chaos #0058,https://opensea.io/assets/0x495f947276749ce646f68ac8c248420045cb7b5e/105282133696278971909294323405992986946481282754168230213467739442632256913409
0059.gif,Hashed Chaos #0059,https://opensea.io/assets/0x495f947276749ce646f68ac8c248420045cb7b5e/105282133696278971909294323405992986946481282754168230213467739443731768541185
0060.gif,Hashed Chaos #0060,https://opensea.io/assets/0x495f947276749ce646f68ac8c248420045cb7b5e/105282133696278971909294323405992986946481282754168230213467739444831280168961
0061.gif,Hashed Chaos #0061,https://opensea.io/assets/0x495f947276749ce646f68ac8c248420045cb7b5e/105282133696278971909294323405992986946481282754168230213467739445930791796737
0062.gif,Hashed Chaos #0062,https://opensea.io/assets/0x495f947276749ce646f68ac8c248420045cb7b5e/105282133696278971909294323405992986946481282754168230213467739447030303424513
0063.gif,Hashed Chaos #0063,https://opensea.io/assets/0x495f947276749ce646f68ac8c248420045cb7b5e/105282133696278971909294323405992986946481282754168230213467739448129815052289
0064.gif,Hashed Chaos #0064,https://opensea.io/assets/0x495f947276749ce646f68ac8c248420045cb7b5e/105282133696278971909294323405992986946481282754168230213467739449229326680065
0065.gif,Hashed Chaos #0065,https://opensea.io/assets/0x495f947276749ce646f68ac8c248420045cb7b5e/105282133696278971909294323405992986946481282754168230213467739450328838307841
0066.gif,Hashed Chaos #0066,https://opensea.io/assets/0x495f947276749ce646f68ac8c248420045cb7b5e/105282133696278971909294323405992986946481282754168230213467739451428349935617
0067.gif,Hashed Chaos #0067,https://opensea.io/assets/0x495f947276749ce646f68ac8c248420045cb7b5e/105282133696278971909294323405992986946481282754168230213467739452527861563393
0068.gif,Hashed Chaos #0068,https://opensea.io/assets/0x495f947276749ce646f68ac8c248420045cb7b5e/105282133696278971909294323405992986946481282754168230213467739453627373191169
0069.gif,Hashed Chaos #0069,https://opensea.io/assets/0x495f947276749ce646f68ac8c248420045cb7b5e/105282133696278971909294323405992986946481282754168230213467739454726884818945
0070.gif,Hashed Chaos #0070,https://opensea.io/assets/0x495f947276749ce646f68ac8c248420045cb7b5e/105282133696278971909294323405992986946481282754168230213467739455826396446721
0071.gif,Hashed Chaos #0071,https://opensea.io/assets/0x495f947276749ce646f68ac8c248420045cb7b5e/105282133696278971909294323405992986946481282754168230213467739456925908074497
0072.gif,Hashed Chaos #0072,https://opensea.io/assets/0x495f947276749ce646f68ac8c248420045cb7b5e/105282133696278971909294323405992986946481282754168230213467739458025419702273
0073.gif,Hashed Chaos #0073,https://opensea.io/assets/0x495f947276749ce646f68ac8c248420045cb7b5e/105282133696278971909294323405992986946481282754168230213467739459124931330049
0074.gif,Hashed Chaos #0074,https://opensea.io/assets/0x495f947276749ce646f68ac8c248420045cb7b5e/105282133696278971909294323405992986946481282754168230213467739460224442957825
0075.gif,Hashed Chaos #0075,https://opensea.io/assets/0x495f947276749ce646f68ac8c248420045cb7b5e/105282133696278971909294323405992986946481282754168230213467739461323954585601
0076.gif,Hashed Chaos #0076,https://opensea.io/assets/0x495f947276749ce646f68ac8c248420045cb7b5e/105282133696278971909294323405992986946481282754168230213467739462423466213377
0077.gif,Hashed Chaos #0077,https://opensea.io/assets/0x495f947276749ce646f68ac8c248420045cb7b5e/105282133696278971909294323405992986946481282754168230213467739463522977841153
0078.gif,Hashed Chaos #0078,https://opensea.io/assets/0x495f947276749ce646f68ac8c248420045cb7b5e/105282133696278971909294323405992986946481282754168230213467739464622489468929
0079.gif,Hashed Chaos #0079,https://opensea.io/assets/0x495f947276749ce646f68ac8c248420045cb7b5e/105282133696278971909294323405992986946481282754168230213467739465722001096705
0080.gif,Hashed Chaos #0080,https://opensea.io/assets/0x495f947276749ce646f68ac8c248420045cb7b5e/105282133696278971909294323405992986946481282754168230213467739466821512724481
0081.gif,Hashed Chaos #0081,https://opensea.io/assets/0x495f947276749ce646f68ac8c248420045cb7b5e/105282133696278971909294323405992986946481282754168230213467739467921024352257
0082.gif,Hashed Chaos #0082,https://opensea.io/assets/0x495f947276749ce646f68ac8c248420045cb7b5e/105282133696278971909294323405992986946481282754168230213467739469020535980033
0083.gif,Hashed Chaos #0083,https://opensea.io/assets/0x495f947276749ce646f68ac8c248420045cb7b5e/105282133696278971909294323405992986946481282754168230213467739470120047607809
0084.gif,Hashed Chaos #0084,https://opensea.io/assets/0x495f947276749ce646f68ac8c248420045cb7b5e/105282133696278971909294323405992986946481282754168230213467739471219559235585
0085.gif,Hashed Chaos #0085,https://opensea.io/assets/0x495f947276749ce646f68ac8c248420045cb7b5e/105282133696278971909294323405992986946481282754168230213467739472319070863361
0086.gif,Hashed Chaos #0086,https://opensea.io/assets/0x495f947276749ce646f68ac8c248420045cb7b5e/105282133696278971909294323405992986946481282754168230213467739473418582491137
0087.gif,Hashed Chaos #0087,https://opensea.io/assets/0x495f947276749ce646f68ac8c248420045cb7b5e/105282133696278971909294323405992986946481282754168230213467739474518094118913
0088.gif,Hashed Chaos #0088,https://opensea.io/assets/0x495f947276749ce646f68ac8c248420045cb7b5e/105282133696278971909294323405992986946481282754168230213467739475617605746689
0089.gif,Hashed Chaos #0089,https://opensea.io/assets/0x495f947276749ce646f68ac8c248420045cb7b5e/105282133696278971909294323405992986946481282754168230213467739476717117374465
0090.gif,Hashed Chaos #0090,https://opensea.io/assets/0x495f947276749ce646f68ac8c248420045cb7b5e/105282133696278971909294323405992986946481282754168230213467739477816629002241
0091.gif,Hashed Chaos #0091,https://opensea.io/assets/0x495f947276749ce646f68ac8c248420045cb7b5e/105282133696278971909294323405992986946481282754168230213467739478916140630017
0092.gif,Hashed Chaos #0092,https://opensea.io/assets/0x495f947276749ce646f68ac8c248420045cb7b5e/105282133696278971909294323405992986946481282754168230213467739480015652257793
0093.gif,Hashed Chaos #0093,https://opensea.io/assets/0x495f947276749ce646f68ac8c248420045cb7b5e/105282133696278971909294323405992986946481282754168230213467739481115163885569
0094.gif,Hashed Chaos #0094,https://opensea.io/assets/0x495f947276749ce646f68ac8c248420045cb7b5e/105282133696278971909294323405992986946481282754168230213467739482214675513345
0095.gif,Hashed Chaos #0095,https://opensea.io/assets/0x495f947276749ce646f68ac8c248420045cb7b5e/105282133696278971909294323405992986946481282754168230213467739483314187141121
0096.gif,Hashed Chaos #0096,https://opensea.io/assets/0x495f947276749ce646f68ac8c248420045cb7b5e/105282133696278971909294323405992986946481282754168230213467739484413698768897
0097.gif,Hashed Chaos #0097,https://opensea.io/assets/0x495f947276749ce646f68ac8c248420045cb7b5e/105282133696278971909294323405992986946481282754168230213467739486612722024449
0098.gif,Hashed Chaos #0098,https://opensea.io/assets/0x495f947276749ce646f68ac8c248420045cb7b5e/105282133696278971909294323405992986946481282754168230213467739487712233652225
0099.gif,Hashed Chaos #0099,https://opensea.io/assets/0x495f947276749ce646f68ac8c248420045cb7b5e/105282133696278971909294323405992986946481282754168230213467739488811745280001
0100.gif,Hashed Chaos #0100,https://opensea.io/assets/0x495f947276749ce646f68ac8c248420045cb7b5e/105282133696278971909294323405992986946481282754168230213467739489911256907777
0101.gif,Hashed Chaos #0101,https://opensea.io/assets/0x495f947276749ce646f68ac8c248420045cb7b5e/105282133696278971909294323405992986946481282754168230213467739491010768535553
0102.gif,Hashed Chaos #0102,https://opensea.io/assets/0x495f947276749ce646f68ac8c248420045cb7b5e/105282133696278971909294323405992986946481282754168230213467739492110280163329
0103.gif,Hashed Chaos #0103,https://opensea.io/assets/0x495f947276749ce646f68ac8c248420045cb7b5e/105282133696278971909294323405992986946481282754168230213467739493209791791105
0104.gif,Hashed Chaos #0104,https://opensea.io/assets/0x495f947276749ce646f68ac8c248420045cb7b5e/105282133696278971909294323405992986946481282754168230213467739494309303418881
0105.gif,Hashed Chaos #0105,https://opensea.io/assets/0x495f947276749ce646f68ac8c248420045cb7b5e/105282133696278971909294323405992986946481282754168230213467739495408815046657
0106.gif,Hashed Chaos #0106,https://opensea.io/assets/0x495f947276749ce646f68ac8c248420045cb7b5e/105282133696278971909294323405992986946481282754168230213467739496508326674433
0107.gif,Hashed Chaos #0107,https://opensea.io/assets/0x495f947276749ce646f68ac8c248420045cb7b5e/105282133696278971909294323405992986946481282754168230213467739497607838302209
0108.gif,Hashed Chaos #0108,https://opensea.io/assets/0x495f947276749ce646f68ac8c248420045cb7b5e/105282133696278971909294323405992986946481282754168230213467739498707349929985
0109.gif,Hashed Chaos #0109,https://opensea.io/assets/0x495f947276749ce646f68ac8c248420045cb7b5e/105282133696278971909294323405992986946481282754168230213467739499806861557761
0110.gif,Hashed Chaos #0110,https://opensea.io/assets/0x495f947276749ce646f68ac8c248420045cb7b5e/105282133696278971909294323405992986946481282754168230213467739500906373185537
0111.gif,Hashed Chaos #0111,https://opensea.io/assets/0x495f947276749ce646f68ac8c248420045cb7b5e/105282133696278971909294323405992986946481282754168230213467739502005884813313
0112.gif,Hashed Chaos #0112,https://opensea.io/assets/0x495f947276749ce646f68ac8c248420045cb7b5e/105282133696278971909294323405992986946481282754168230213467739503105396441089
0113.gif,Hashed Chaos #0113,https://opensea.io/assets/0x495f947276749ce646f68ac8c248420045cb7b5e/105282133696278971909294323405992986946481282754168230213467739504204908068865
0114.gif,Hashed Chaos #0114,https://opensea.io/assets/0x495f947276749ce646f68ac8c248420045cb7b5e/105282133696278971909294323405992986946481282754168230213467739505304419696641
0115.gif,Hashed Chaos #0115,https://opensea.io/assets/0x495f947276749ce646f68ac8c248420045cb7b5e/105282133696278971909294323405992986946481282754168230213467739506403931324417
0116.gif,Hashed Chaos #0116,https://opensea.io/assets/0x495f947276749ce646f68ac8c248420045cb7b5e/105282133696278971909294323405992986946481282754168230213467739507503442952193
0117.gif,Hashed Chaos #0117,https://opensea.io/assets/0x495f947276749ce646f68ac8c248420045cb7b5e/105282133696278971909294323405992986946481282754168230213467739508602954579969
0118.gif,Hashed Chaos #0118,https://opensea.io/assets/0x495f947276749ce646f68ac8c248420045cb7b5e/105282133696278971909294323405992986946481282754168230213467739509702466207745
0119.gif,Hashed Chaos #0119,https://opensea.io/assets/0x495f947276749ce646f68ac8c248420045cb7b5e/105282133696278971909294323405992986946481282754168230213467739510801977835521
0120.gif,Hashed Chaos #0120,https://opensea.io/assets/0x495f947276749ce646f68ac8c248420045cb7b5e/105282133696278971909294323405992986946481282754168230213467739511901489463297
0121.gif,Hashed Chaos #0121,https://opensea.io/assets/0x495f947276749ce646f68ac8c248420045cb7b5e/105282133696278971909294323405992986946481282754168230213467739513001001091073
0122.gif,Hashed Chaos #0122,https://opensea.io/assets/0x495f947276749ce646f68ac8c248420045cb7b5e/105282133696278971909294323405992986946481282754168230213467739514100512718849
0123.gif,Hashed Chaos #0123,https://opensea.io/assets/0x495f947276749ce646f68ac8c248420045cb7b5e/105282133696278971909294323405992986946481282754168230213467739515200024346625
0124.gif,Hashed Chaos #0124,https://opensea.io/assets/0x495f947276749ce646f68ac8c248420045cb7b5e/105282133696278971909294323405992986946481282754168230213467739516299535974401
0125.gif,Hashed Chaos #0125,https://opensea.io/assets/0x495f947276749ce646f68ac8c248420045cb7b5e/105282133696278971909294323405992986946481282754168230213467739517399047602177
0126.gif,Hashed Chaos #0126,https://opensea.io/assets/0x495f947276749ce646f68ac8c248420045cb7b5e/105282133696278971909294323405992986946481282754168230213467739518498559229953
0127.gif,Hashed Chaos #0127,https://opensea.io/assets/0x495f947276749ce646f68ac8c248420045cb7b5e/105282133696278971909294323405992986946481282754168230213467739519598070857729
0128.gif,Hashed Chaos #0128,https://opensea.io/assets/0x495f947276749ce646f68ac8c248420045cb7b5e/105282133696278971909294323405992986946481282754168230213467739520697582485505
0129.gif,Hashed Chaos #0129,https://opensea.io/assets/0x495f947276749ce646f68ac8c248420045cb7b5e/105282133696278971909294323405992986946481282754168230213467739521797094113281
0130.gif,Hashed Chaos #0130,https://opensea.io/assets/0x495f947276749ce646f68ac8c248420045cb7b5e/105282133696278971909294323405992986946481282754168230213467739522896605741057
0131.gif,Hashed Chaos #0131,https://opensea.io/assets/0x495f947276749ce646f68ac8c248420045cb7b5e/105282133696278971909294323405992986946481282754168230213467739523996117368833
0132.gif,Hashed Chaos #0132,https://opensea.io/assets/0x495f947276749ce646f68ac8c248420045cb7b5e/105282133696278971909294323405992986946481282754168230213467739525095628996609
0133.gif,Hashed Chaos #0133,https://opensea.io/assets/0x495f947276749ce646f68ac8c248420045cb7b5e/105282133696278971909294323405992986946481282754168230213467739526195140624385
0134.gif,Hashed Chaos #0134,https://opensea.io/assets/0x495f947276749ce646f68ac8c248420045cb7b5e/105282133696278971909294323405992986946481282754168230213467739527294652252161
0135.gif,Hashed Chaos #0135,https://opensea.io/assets/0x495f947276749ce646f68ac8c248420045cb7b5e/105282133696278971909294323405992986946481282754168230213467739528394163879937
0136.gif,Hashed Chaos #0136,https://opensea.io/assets/0x495f947276749ce646f68ac8c248420045cb7b5e/105282133696278971909294323405992986946481282754168230213467739529493675507713
0137.gif,Hashed Chaos #0137,https://opensea.io/assets/0x495f947276749ce646f68ac8c248420045cb7b5e/105282133696278971909294323405992986946481282754168230213467739530593187135489
0138.gif,Hashed Chaos #0138,https://opensea.io/assets/0x495f947276749ce646f68ac8c248420045cb7b5e/105282133696278971909294323405992986946481282754168230213467739531692698763265
0139.gif,Hashed Chaos #0139,https://opensea.io/assets/0x495f947276749ce646f68ac8c248420045cb7b5e/105282133696278971909294323405992986946481282754168230213467739532792210391041
0140.gif,Hashed Chaos #0140,https://opensea.io/assets/0x495f947276749ce646f68ac8c248420045cb7b5e/105282133696278971909294323405992986946481282754168230213467739533891722018817
0141.gif,Hashed Chaos #0141,https://opensea.io/assets/0x495f947276749ce646f68ac8c248420045cb7b5e/105282133696278971909294323405992986946481282754168230213467739534991233646593
0142.gif,Hashed Chaos #0142,https://opensea.io/assets/0x495f947276749ce646f68ac8c248420045cb7b5e/105282133696278971909294323405992986946481282754168230213467739536090745274369
0143.gif,Hashed Chaos #0143,https://opensea.io/assets/0x495f947276749ce646f68ac8c248420045cb7b5e/105282133696278971909294323405992986946481282754168230213467739537190256902145
0144.gif,Hashed Chaos #0144,https://opensea.io/assets/0x495f947276749ce646f68ac8c248420045cb7b5e/105282133696278971909294323405992986946481282754168230213467739538289768529921
0145.gif,Hashed Chaos #0145,https://opensea.io/assets/0x495f947276749ce646f68ac8c248420045cb7b5e/105282133696278971909294323405992986946481282754168230213467739539389280157697
0146.gif,Hashed Chaos #0146,https://opensea.io/assets/0x495f947276749ce646f68ac8c248420045cb7b5e/105282133696278971909294323405992986946481282754168230213467739540488791785473
0147.gif,Hashed Chaos #0147,https://opensea.io/assets/0x495f947276749ce646f68ac8c248420045cb7b5e/105282133696278971909294323405992986946481282754168230213467739541588303413249
0148.gif,Hashed Chaos #0148,https://opensea.io/assets/0x495f947276749ce646f68ac8c248420045cb7b5e/105282133696278971909294323405992986946481282754168230213467739542687815041025
0149.gif,Hashed Chaos #0149,https://opensea.io/assets/0x495f947276749ce646f68ac8c248420045cb7b5e/105282133696278971909294323405992986946481282754168230213467739543787326668801
0150.gif,Hashed Chaos #0150,https://opensea.io/assets/0x495f947276749ce646f68ac8c248420045cb7b5e/105282133696278971909294323405992986946481282754168230213467739544886838296577
0151.gif,Hashed Chaos #0151,https://opensea.io/assets/0x495f947276749ce646f68ac8c248420045cb7b5e/105282133696278971909294323405992986946481282754168230213467739545986349924353
0152.gif,Hashed Chaos #0152,https://opensea.io/assets/0x495f947276749ce646f68ac8c248420045cb7b5e/105282133696278971909294323405992986946481282754168230213467739547085861552129
0153.gif,Hashed Chaos #0153,https://opensea.io/assets/0x495f947276749ce646f68ac8c248420045cb7b5e/105282133696278971909294323405992986946481282754168230213467739548185373179905
0154.gif,Hashed Chaos #0154,https://opensea.io/assets/0x495f947276749ce646f68ac8c248420045cb7b5e/105282133696278971909294323405992986946481282754168230213467739549284884807681
0155.gif,Hashed Chaos #0155,https://opensea.io/assets/0x495f947276749ce646f68ac8c248420045cb7b5e/105282133696278971909294323405992986946481282754168230213467739550384396435457
0156.gif,Hashed Chaos #0156,https://opensea.io/assets/0x495f947276749ce646f68ac8c248420045cb7b5e/105282133696278971909294323405992986946481282754168230213467739551483908063233
0157.gif,Hashed Chaos #0157,https://opensea.io/assets/0x495f947276749ce646f68ac8c248420045cb7b5e/105282133696278971909294323405992986946481282754168230213467739552583419691009
0158.gif,Hashed Chaos #0158,https://opensea.io/assets/0x495f947276749ce646f68ac8c248420045cb7b5e/105282133696278971909294323405992986946481282754168230213467739553682931318785
0159.gif,Hashed Chaos #0159,https://opensea.io/assets/0x495f947276749ce646f68ac8c248420045cb7b5e/105282133696278971909294323405992986946481282754168230213467739554782442946561
0160.gif,Hashed Chaos #0160,https://opensea.io/assets/0x495f947276749ce646f68ac8c248420045cb7b5e/105282133696278971909294323405992986946481282754168230213467739555881954574337
0161.gif,Hashed Chaos #0161,https://opensea.io/assets/0x495f947276749ce646f68ac8c248420045cb7b5e/105282133696278971909294323405992986946481282754168230213467739556981466202113
0162.gif,Hashed Chaos #0162,https://opensea.io/assets/0x495f947276749ce646f68ac8c248420045cb7b5e/105282133696278971909294323405992986946481282754168230213467739558080977829889
0163.gif,Hashed Chaos #0163,https://opensea.io/assets/0x495f947276749ce646f68ac8c248420045cb7b5e/105282133696278971909294323405992986946481282754168230213467739559180489457665
0164.gif,Hashed Chaos #0164,https://opensea.io/assets/0x495f947276749ce646f68ac8c248420045cb7b5e/105282133696278971909294323405992986946481282754168230213467739560280001085441
0165.gif,Hashed Chaos #0165,https://opensea.io/assets/0x495f947276749ce646f68ac8c248420045cb7b5e/105282133696278971909294323405992986946481282754168230213467739561379512713217
0166.gif,Hashed Chaos #0166,https://opensea.io/assets/0x495f947276749ce646f68ac8c248420045cb7b5e/105282133696278971909294323405992986946481282754168230213467739562479024340993
0167.gif,Hashed Chaos #0167,https://opensea.io/assets/0x495f947276749ce646f68ac8c248420045cb7b5e/105282133696278971909294323405992986946481282754168230213467739563578535968769
0168.gif,Hashed Chaos #0168,https://opensea.io/assets/0x495f947276749ce646f68ac8c248420045cb7b5e/105282133696278971909294323405992986946481282754168230213467739564678047596545
0169.gif,Hashed Chaos #0169,https://opensea.io/assets/0x495f947276749ce646f68ac8c248420045cb7b5e/105282133696278971909294323405992986946481282754168230213467739565777559224321
0170.gif,Hashed Chaos #0170,https://opensea.io/assets/0x495f947276749ce646f68ac8c248420045cb7b5e/105282133696278971909294323405992986946481282754168230213467739566877070852097
0171.gif,Hashed Chaos #0171,https://opensea.io/assets/0x495f947276749ce646f68ac8c248420045cb7b5e/105282133696278971909294323405992986946481282754168230213467739567976582479873
0172.gif,Hashed Chaos #0172,https://opensea.io/assets/0x495f947276749ce646f68ac8c248420045cb7b5e/105282133696278971909294323405992986946481282754168230213467739569076094107649
0173.gif,Hashed Chaos #0173,https://opensea.io/assets/0x495f947276749ce646f68ac8c248420045cb7b5e/105282133696278971909294323405992986946481282754168230213467739570175605735425
0174.gif,Hashed Chaos #0174,https://opensea.io/assets/0x495f947276749ce646f68ac8c248420045cb7b5e/105282133696278971909294323405992986946481282754168230213467739571275117363201
0175.gif,Hashed Chaos #0175,https://opensea.io/assets/0x495f947276749ce646f68ac8c248420045cb7b5e/105282133696278971909294323405992986946481282754168230213467739572374628990977
0176.gif,Hashed Chaos #0176,https://opensea.io/assets/0x495f947276749ce646f68ac8c248420045cb7b5e/105282133696278971909294323405992986946481282754168230213467739573474140618753
0177.gif,Hashed Chaos #0177,https://opensea.io/assets/0x495f947276749ce646f68ac8c248420045cb7b5e/105282133696278971909294323405992986946481282754168230213467739574573652246529
0178.gif,Hashed Chaos #0178,https://opensea.io/assets/0x495f947276749ce646f68ac8c248420045cb7b5e/105282133696278971909294323405992986946481282754168230213467739575673163874305
0179.gif,Hashed Chaos #0179,https://opensea.io/assets/0x495f947276749ce646f68ac8c248420045cb7b5e/105282133696278971909294323405992986946481282754168230213467739576772675502081
0180.gif,Hashed Chaos #0180,https://opensea.io/assets/0x495f947276749ce646f68ac8c248420045cb7b5e/105282133696278971909294323405992986946481282754168230213467739577872187129857
0181.gif,Hashed Chaos #0181,https://opensea.io/assets/0x495f947276749ce646f68ac8c248420045cb7b5e/105282133696278971909294323405992986946481282754168230213467739578971698757633
0182.gif,Hashed Chaos #0182,https://opensea.io/assets/0x495f947276749ce646f68ac8c248420045cb7b5e/105282133696278971909294323405992986946481282754168230213467739580071210385409
0183.gif,Hashed Chaos #0183,https://opensea.io/assets/0x495f947276749ce646f68ac8c248420045cb7b5e/105282133696278971909294323405992986946481282754168230213467739581170722013185
0184.gif,Hashed Chaos #0184,https://opensea.io/assets/0x495f947276749ce646f68ac8c248420045cb7b5e/105282133696278971909294323405992986946481282754168230213467739582270233640961
0185.gif,Hashed Chaos #0185,https://opensea.io/assets/0x495f947276749ce646f68ac8c248420045cb7b5e/105282133696278971909294323405992986946481282754168230213467739583369745268737
0186.gif,Hashed Chaos #0186,https://opensea.io/assets/0x495f947276749ce646f68ac8c248420045cb7b5e/105282133696278971909294323405992986946481282754168230213467739584469256896513
0187.gif,Hashed Chaos #0187,https://opensea.io/assets/0x495f947276749ce646f68ac8c248420045cb7b5e/105282133696278971909294323405992986946481282754168230213467739585568768524289
0188.gif,Hashed Chaos #0188,https://opensea.io/assets/0x495f947276749ce646f68ac8c248420045cb7b5e/105282133696278971909294323405992986946481282754168230213467739586668280152065
0189.gif,Hashed Chaos #0189,https://opensea.io/assets/0x495f947276749ce646f68ac8c248420045cb7b5e/105282133696278971909294323405992986946481282754168230213467739587767791779841
0190.gif,Hashed Chaos #0190,https://opensea.io/assets/0x495f947276749ce646f68ac8c248420045cb7b5e/105282133696278971909294323405992986946481282754168230213467739588867303407617
0191.gif,Hashed Chaos #0191,https://opensea.io/assets/0x495f947276749ce646f68ac8c248420045cb7b5e/105282133696278971909294323405992986946481282754168230213467739589966815035393
0192.gif,Hashed Chaos #0192,https://opensea.io/assets/0x495f947276749ce646f68ac8c248420045cb7b5e/105282133696278971909294323405992986946481282754168230213467739591066326663169
0193.gif,Hashed Chaos #0193,https://opensea.io/assets/0x495f947276749ce646f68ac8c248420045cb7b5e/105282133696278971909294323405992986946481282754168230213467739592165838290945
0194.gif,Hashed Chaos #0194,https://opensea.io/assets/0x495f947276749ce646f68ac8c248420045cb7b5e/105282133696278971909294323405992986946481282754168230213467739593265349918721
0195.gif,Hashed Chaos #0195,https://opensea.io/assets/0x495f947276749ce646f68ac8c248420045cb7b5e/105282133696278971909294323405992986946481282754168230213467739594364861546497
0196.gif,Hashed Chaos #0196,https://opensea.io/assets/0x495f947276749ce646f68ac8c248420045cb7b5e/105282133696278971909294323405992986946481282754168230213467739595464373174273
0197.gif,Hashed Chaos #0197,https://opensea.io/assets/0x495f947276749ce646f68ac8c248420045cb7b5e/105282133696278971909294323405992986946481282754168230213467739596563884802049
0198.gif,Hashed Chaos #0198,https://opensea.io/assets/0x495f947276749ce646f68ac8c248420045cb7b5e/105282133696278971909294323405992986946481282754168230213467739597663396429825
0199.gif,Hashed Chaos #0199,https://opensea.io/assets/0x495f947276749ce646f68ac8c248420045cb7b5e/105282133696278971909294323405992986946481282754168230213467739598762908057601
0200.gif,Hashed Chaos #0200,https://opensea.io/assets/0x495f947276749ce646f68ac8c248420045cb7b5e/105282133696278971909294323405992986946481282754168230213467739599862419685377
