0016.gif,Colorful Distortion #0016,https://opensea.io/assets/0x495f947276749ce646f68ac8c248420045cb7b5e/105282133696278971909294323405992986946481282754168230213467739263411861585921
0017.gif,Colorful Distortion #0017,https://opensea.io/assets/0x495f947276749ce646f68ac8c248420045cb7b5e/105282133696278971909294323405992986946481282754168230213467739264511373213697
0018.gif,Colorful Distortion #0018,https://opensea.io/assets/0x495f947276749ce646f68ac8c248420045cb7b5e/105282133696278971909294323405992986946481282754168230213467739265610884841473
0019.gif,Colorful Distortion #0019,https://opensea.io/assets/0x495f947276749ce646f68ac8c248420045cb7b5e/105282133696278971909294323405992986946481282754168230213467739266710396469249
0020.gif,Colorful Distortion #0020,https://opensea.io/assets/0x495f947276749ce646f68ac8c248420045cb7b5e/105282133696278971909294323405992986946481282754168230213467739267809908097025
0021.gif,Colorful Distortion #0021,https://opensea.io/assets/0x495f947276749ce646f68ac8c248420045cb7b5e/105282133696278971909294323405992986946481282754168230213467739268909419724801
0022.gif,Colorful Distortion #0022,https://opensea.io/assets/0x495f947276749ce646f68ac8c248420045cb7b5e/105282133696278971909294323405992986946481282754168230213467739270008931352577
0023.gif,Colorful Distortion #0023,https://opensea.io/assets/0x495f947276749ce646f68ac8c248420045cb7b5e/105282133696278971909294323405992986946481282754168230213467739271108442980353
0024.gif,Colorful Distortion #0024,https://opensea.io/assets/0x495f947276749ce646f68ac8c248420045cb7b5e/105282133696278971909294323405992986946481282754168230213467739272207954608129
0025.gif,Colorful Distortion #0025,https://opensea.io/assets/0x495f947276749ce646f68ac8c248420045cb7b5e/105282133696278971909294323405992986946481282754168230213467739273307466235905
0026.gif,Colorful Distortion #0026,https://opensea.io/assets/0x495f947276749ce646f68ac8c248420045cb7b5e/105282133696278971909294323405992986946481282754168230213467739274406977863681
0027.gif,Colorful Distortion #0027,https://opensea.io/assets/0x495f947276749ce646f68ac8c248420045cb7b5e/105282133696278971909294323405992986946481282754168230213467739275506489491457
0028.gif,Colorful Distortion #0028,https://opensea.io/assets/0x495f947276749ce646f68ac8c248420045cb7b5e/105282133696278971909294323405992986946481282754168230213467739276606001119233
0029.gif,Colorful Distortion #0029,https://opensea.io/assets/0x495f947276749ce646f68ac8c248420045cb7b5e/105282133696278971909294323405992986946481282754168230213467739277705512747009
0030.gif,Colorful Distortion #0030,https://opensea.io/assets/0x495f947276749ce646f68ac8c248420045cb7b5e/105282133696278971909294323405992986946481282754168230213467739278805024374785
0031.gif,Colorful Distortion #0031,https://opensea.io/assets/0x495f947276749ce646f68ac8c248420045cb7b5e/105282133696278971909294323405992986946481282754168230213467739279904536002561
0032.gif,Colorful Distortion #0032,https://opensea.io/assets/0x495f947276749ce646f68ac8c248420045cb7b5e/105282133696278971909294323405992986946481282754168230213467739281004047630337
0033.gif,Colorful Distortion #0033,https://opensea.io/assets/0x495f947276749ce646f68ac8c248420045cb7b5e/105282133696278971909294323405992986946481282754168230213467739282103559258113
0034.gif,Colorful Distortion #0034,https://opensea.io/assets/0x495f947276749ce646f68ac8c248420045cb7b5e/105282133696278971909294323405992986946481282754168230213467739283203070885889
0035.gif,Colorful Distortion #0035,https://opensea.io/assets/0x495f947276749ce646f68ac8c248420045cb7b5e/105282133696278971909294323405992986946481282754168230213467739284302582513665
0036.gif,Colorful Distortion #0036,https://opensea.io/assets/0x495f947276749ce646f68ac8c248420045cb7b5e/105282133696278971909294323405992986946481282754168230213467739285402094141441
0037.gif,Colorful Distortion #0037,https://opensea.io/assets/0x495f947276749ce646f68ac8c248420045cb7b5e/105282133696278971909294323405992986946481282754168230213467739286501605769217
0038.gif,Colorful Distortion #0038,https://opensea.io/assets/0x495f947276749ce646f68ac8c248420045cb7b5e/105282133696278971909294323405992986946481282754168230213467739287601117396993
0039.gif,Colorful Distortion #0039,https://opensea.io/assets/0x495f947276749ce646f68ac8c248420045cb7b5e/105282133696278971909294323405992986946481282754168230213467739288700629024769
0040.gif,Colorful Distortion #0040,https://opensea.io/assets/0x495f947276749ce646f68ac8c248420045cb7b5e/105282133696278971909294323405992986946481282754168230213467739289800140652545
0041.gif,Colorful Distortion #0041,https://opensea.io/assets/0x495f947276749ce646f68ac8c248420045cb7b5e/105282133696278971909294323405992986946481282754168230213467739290899652280321
0042.gif,Colorful Distortion #0042,https://opensea.io/assets/0x495f947276749ce646f68ac8c248420045cb7b5e/105282133696278971909294323405992986946481282754168230213467739291999163908097
0043.gif,Colorful Distortion #0043,https://opensea.io/assets/0x495f947276749ce646f68ac8c248420045cb7b5e/105282133696278971909294323405992986946481282754168230213467739293098675535873
0044.gif,Colorful Distortion #0044,https://opensea.io/assets/0x495f947276749ce646f68ac8c248420045cb7b5e/105282133696278971909294323405992986946481282754168230213467739294198187163649
0045.gif,Colorful Distortion #0045,https://opensea.io/assets/0x495f947276749ce646f68ac8c248420045cb7b5e/105282133696278971909294323405992986946481282754168230213467739295297698791425
0046.gif,Colorful Distortion #0046,https://opensea.io/assets/0x495f947276749ce646f68ac8c248420045cb7b5e/105282133696278971909294323405992986946481282754168230213467739296397210419201
0047.gif,Colorful Distortion #0047,https://opensea.io/assets/0x495f947276749ce646f68ac8c248420045cb7b5e/105282133696278971909294323405992986946481282754168230213467739297496722046977
0048.gif,Colorful Distortion #0048,https://opensea.io/assets/0x495f947276749ce646f68ac8c248420045cb7b5e/105282133696278971909294323405992986946481282754168230213467739298596233674753
0049.gif,Colorful Distortion #0049,https://opensea.io/assets/0x495f947276749ce646f68ac8c248420045cb7b5e/105282133696278971909294323405992986946481282754168230213467739299695745302529
0050.gif,Colorful Distortion #0050,https://opensea.io/assets/0x495f947276749ce646f68ac8c248420045cb7b5e/105282133696278971909294323405992986946481282754168230213467739300795256930305
0051.gif,Colorful Distortion #0051,https://opensea.io/assets/0x495f947276749ce646f68ac8c248420045cb7b5e/105282133696278971909294323405992986946481282754168230213467739301894768558081
0052.gif,Colorful Distortion #0052,https://opensea.io/assets/0x495f947276749ce646f68ac8c248420045cb7b5e/105282133696278971909294323405992986946481282754168230213467739302994280185857
0053.gif,Colorful Distortion #0053,https://opensea.io/assets/0x495f947276749ce646f68ac8c248420045cb7b5e/105282133696278971909294323405992986946481282754168230213467739304093791813633
0054.gif,Colorful Distortion #0054,https://opensea.io/assets/0x495f947276749ce646f68ac8c248420045cb7b5e/105282133696278971909294323405992986946481282754168230213467739305193303441409
0055.gif,Colorful Distortion #0055,https://opensea.io/assets/0x495f947276749ce646f68ac8c248420045cb7b5e/105282133696278971909294323405992986946481282754168230213467739306292815069185
0056.gif,Colorful Distortion #0056,https://opensea.io/assets/0x495f947276749ce646f68ac8c248420045cb7b5e/105282133696278971909294323405992986946481282754168230213467739307392326696961
0057.gif,Colorful Distortion #0057,https://opensea.io/assets/0x495f947276749ce646f68ac8c248420045cb7b5e/105282133696278971909294323405992986946481282754168230213467739308491838324737
0058.gif,Colorful Distortion #0058,https://opensea.io/assets/0x495f947276749ce646f68ac8c248420045cb7b5e/105282133696278971909294323405992986946481282754168230213467739309591349952513
0059.gif,Colorful Distortion #0059,https://opensea.io/assets/0x495f947276749ce646f68ac8c248420045cb7b5e/105282133696278971909294323405992986946481282754168230213467739310690861580289
0060.gif,Colorful Distortion #0060,https://opensea.io/assets/0x495f947276749ce646f68ac8c248420045cb7b5e/105282133696278971909294323405992986946481282754168230213467739311790373208065
0061.gif,Colorful Distortion #0061,https://opensea.io/assets/0x495f947276749ce646f68ac8c248420045cb7b5e/105282133696278971909294323405992986946481282754168230213467739312889884835841
0062.gif,Colorful Distortion #0062,https://opensea.io/assets/0x495f947276749ce646f68ac8c248420045cb7b5e/105282133696278971909294323405992986946481282754168230213467739313989396463617
0063.gif,Colorful Distortion #0063,https://opensea.io/assets/0x495f947276749ce646f68ac8c248420045cb7b5e/105282133696278971909294323405992986946481282754168230213467739315088908091393
0064.gif,Colorful Distortion #0064,https://opensea.io/assets/0x495f947276749ce646f68ac8c248420045cb7b5e/105282133696278971909294323405992986946481282754168230213467739316188419719169
0065.gif,Colorful Distortion #0065,https://opensea.io/assets/0x495f947276749ce646f68ac8c248420045cb7b5e/105282133696278971909294323405992986946481282754168230213467739317287931346945
0066.gif,Colorful Distortion #0066,https://opensea.io/assets/0x495f947276749ce646f68ac8c248420045cb7b5e/105282133696278971909294323405992986946481282754168230213467739318387442974721
0067.gif,Colorful Distortion #0067,https://opensea.io/assets/0x495f947276749ce646f68ac8c248420045cb7b5e/105282133696278971909294323405992986946481282754168230213467739319486954602497
0068.gif,Colorful Distortion #0068,https://opensea.io/assets/0x495f947276749ce646f68ac8c248420045cb7b5e/105282133696278971909294323405992986946481282754168230213467739320586466230273
0069.gif,Colorful Distortion #0069,https://opensea.io/assets/0x495f947276749ce646f68ac8c248420045cb7b5e/105282133696278971909294323405992986946481282754168230213467739321685977858049
0070.gif,Colorful Distortion #0070,https://opensea.io/assets/0x495f947276749ce646f68ac8c248420045cb7b5e/105282133696278971909294323405992986946481282754168230213467739322785489485825
0071.gif,Colorful Distortion #0071,https://opensea.io/assets/0x495f947276749ce646f68ac8c248420045cb7b5e/105282133696278971909294323405992986946481282754168230213467739323885001113601
0072.gif,Colorful Distortion #0072,https://opensea.io/assets/0x495f947276749ce646f68ac8c248420045cb7b5e/105282133696278971909294323405992986946481282754168230213467739324984512741377
0073.gif,Colorful Distortion #0073,https://opensea.io/assets/0x495f947276749ce646f68ac8c248420045cb7b5e/105282133696278971909294323405992986946481282754168230213467739326084024369153
0074.gif,Colorful Distortion #0074,https://opensea.io/assets/0x495f947276749ce646f68ac8c248420045cb7b5e/105282133696278971909294323405992986946481282754168230213467739327183535996929
0075.gif,Colorful Distortion #0075,https://opensea.io/assets/0x495f947276749ce646f68ac8c248420045cb7b5e/105282133696278971909294323405992986946481282754168230213467739328283047624705
0076.gif,Colorful Distortion #0076,https://opensea.io/assets/0x495f947276749ce646f68ac8c248420045cb7b5e/105282133696278971909294323405992986946481282754168230213467739329382559252481
0077.gif,Colorful Distortion #0077,https://opensea.io/assets/0x495f947276749ce646f68ac8c248420045cb7b5e/105282133696278971909294323405992986946481282754168230213467739330482070880257
0078.gif,Colorful Distortion #0078,https://opensea.io/assets/0x495f947276749ce646f68ac8c248420045cb7b5e/105282133696278971909294323405992986946481282754168230213467739331581582508033
0079.gif,Colorful Distortion #0079,https://opensea.io/assets/0x495f947276749ce646f68ac8c248420045cb7b5e/105282133696278971909294323405992986946481282754168230213467739332681094135809
0080.gif,Colorful Distortion #0080,https://opensea.io/assets/0x495f947276749ce646f68ac8c248420045cb7b5e/105282133696278971909294323405992986946481282754168230213467739333780605763585
0081.gif,Colorful Distortion #0081,https://opensea.io/assets/0x495f947276749ce646f68ac8c248420045cb7b5e/105282133696278971909294323405992986946481282754168230213467739334880117391361
0082.gif,Colorful Distortion #0082,https://opensea.io/assets/0x495f947276749ce646f68ac8c248420045cb7b5e/105282133696278971909294323405992986946481282754168230213467739335979629019137
0083.gif,Colorful Distortion #0083,https://opensea.io/assets/0x495f947276749ce646f68ac8c248420045cb7b5e/105282133696278971909294323405992986946481282754168230213467739337079140646913
0084.gif,Colorful Distortion #0084,https://opensea.io/assets/0x495f947276749ce646f68ac8c248420045cb7b5e/105282133696278971909294323405992986946481282754168230213467739338178652274689
0085.gif,Colorful Distortion #0085,https://opensea.io/assets/0x495f947276749ce646f68ac8c248420045cb7b5e/105282133696278971909294323405992986946481282754168230213467739339278163902465
0086.gif,Colorful Distortion #0086,https://opensea.io/assets/0x495f947276749ce646f68ac8c248420045cb7b5e/105282133696278971909294323405992986946481282754168230213467739340377675530241
0087.gif,Colorful Distortion #0087,https://opensea.io/assets/0x495f947276749ce646f68ac8c248420045cb7b5e/105282133696278971909294323405992986946481282754168230213467739341477187158017
0088.gif,Colorful Distortion #0088,https://opensea.io/assets/0x495f947276749ce646f68ac8c248420045cb7b5e/105282133696278971909294323405992986946481282754168230213467739342576698785793
0089.gif,Colorful Distortion #0089,https://opensea.io/assets/0x495f947276749ce646f68ac8c248420045cb7b5e/105282133696278971909294323405992986946481282754168230213467739343676210413569
0090.gif,Colorful Distortion #0090,https://opensea.io/assets/0x495f947276749ce646f68ac8c248420045cb7b5e/105282133696278971909294323405992986946481282754168230213467739344775722041345
0091.gif,Colorful Distortion #0091,https://opensea.io/assets/0x495f947276749ce646f68ac8c248420045cb7b5e/105282133696278971909294323405992986946481282754168230213467739345875233669121
0092.gif,Colorful Distortion #0092,https://opensea.io/assets/0x495f947276749ce646f68ac8c248420045cb7b5e/105282133696278971909294323405992986946481282754168230213467739346974745296897
0093.gif,Colorful Distortion #0093,https://opensea.io/assets/0x495f947276749ce646f68ac8c248420045cb7b5e/105282133696278971909294323405992986946481282754168230213467739348074256924673
0094.gif,Colorful Distortion #0094,https://opensea.io/assets/0x495f947276749ce646f68ac8c248420045cb7b5e/105282133696278971909294323405992986946481282754168230213467739349173768552449
0095.gif,Colorful Distortion #0095,https://opensea.io/assets/0x495f947276749ce646f68ac8c248420045cb7b5e/105282133696278971909294323405992986946481282754168230213467739350273280180225
0096.gif,Colorful Distortion #0096,https://opensea.io/assets/0x495f947276749ce646f68ac8c248420045cb7b5e/105282133696278971909294323405992986946481282754168230213467739351372791808001
0097.gif,Colorful Distortion #0097,https://opensea.io/assets/0x495f947276749ce646f68ac8c248420045cb7b5e/105282133696278971909294323405992986946481282754168230213467739352472303435777
0098.gif,Colorful Distortion #0098,https://opensea.io/assets/0x495f947276749ce646f68ac8c248420045cb7b5e/105282133696278971909294323405992986946481282754168230213467739353571815063553
0099.gif,Colorful Distortion #0099,https://opensea.io/assets/0x495f947276749ce646f68ac8c248420045cb7b5e/105282133696278971909294323405992986946481282754168230213467739354671326691329
0100.gif,Colorful Distortion #0100,https://opensea.io/assets/0x495f947276749ce646f68ac8c248420045cb7b5e/105282133696278971909294323405992986946481282754168230213467739355770838319105
0101.gif,Colorful Distortion #0101,https://opensea.io/assets/0x495f947276749ce646f68ac8c248420045cb7b5e/105282133696278971909294323405992986946481282754168230213467739357969861574657
0102.gif,Colorful Distortion #0102,https://opensea.io/assets/0x495f947276749ce646f68ac8c248420045cb7b5e/105282133696278971909294323405992986946481282754168230213467739359069373202433
0103.gif,Colorful Distortion #0103,https://opensea.io/assets/0x495f947276749ce646f68ac8c248420045cb7b5e/105282133696278971909294323405992986946481282754168230213467739360168884830209
0104.gif,Colorful Distortion #0104,https://opensea.io/assets/0x495f947276749ce646f68ac8c248420045cb7b5e/105282133696278971909294323405992986946481282754168230213467739361268396457985
0105.gif,Colorful Distortion #0105,https://opensea.io/assets/0x495f947276749ce646f68ac8c248420045cb7b5e/105282133696278971909294323405992986946481282754168230213467739362367908085761
0106.gif,Colorful Distortion #0106,https://opensea.io/assets/0x495f947276749ce646f68ac8c248420045cb7b5e/105282133696278971909294323405992986946481282754168230213467739363467419713537
0107.gif,Colorful Distortion #0107,https://opensea.io/assets/0x495f947276749ce646f68ac8c248420045cb7b5e/105282133696278971909294323405992986946481282754168230213467739364566931341313
0108.gif,Colorful Distortion #0108,https://opensea.io/assets/0x495f947276749ce646f68ac8c248420045cb7b5e/105282133696278971909294323405992986946481282754168230213467739365666442969089
0109.gif,Colorful Distortion #0109,https://opensea.io/assets/0x495f947276749ce646f68ac8c248420045cb7b5e/105282133696278971909294323405992986946481282754168230213467739366765954596865
0110.gif,Colorful Distortion #0110,https://opensea.io/assets/0x495f947276749ce646f68ac8c248420045cb7b5e/105282133696278971909294323405992986946481282754168230213467739367865466224641
0111.gif,Colorful Distortion #0111,https://opensea.io/assets/0x495f947276749ce646f68ac8c248420045cb7b5e/105282133696278971909294323405992986946481282754168230213467739368964977852417
0112.gif,Colorful Distortion #0112,https://opensea.io/assets/0x495f947276749ce646f68ac8c248420045cb7b5e/105282133696278971909294323405992986946481282754168230213467739370064489480193
0113.gif,Colorful Distortion #0113,https://opensea.io/assets/0x495f947276749ce646f68ac8c248420045cb7b5e/105282133696278971909294323405992986946481282754168230213467739371164001107969
0114.gif,Colorful Distortion #0114,https://opensea.io/assets/0x495f947276749ce646f68ac8c248420045cb7b5e/105282133696278971909294323405992986946481282754168230213467739372263512735745
0115.gif,Colorful Distortion #0115,https://opensea.io/assets/0x495f947276749ce646f68ac8c248420045cb7b5e/105282133696278971909294323405992986946481282754168230213467739373363024363521
0116.gif,Colorful Distortion #0116,https://opensea.io/assets/0x495f947276749ce646f68ac8c248420045cb7b5e/105282133696278971909294323405992986946481282754168230213467739374462535991297
0117.gif,Colorful Distortion #0117,https://opensea.io/assets/0x495f947276749ce646f68ac8c248420045cb7b5e/105282133696278971909294323405992986946481282754168230213467739375562047619073
0118.gif,Colorful Distortion #0118,https://opensea.io/assets/0x495f947276749ce646f68ac8c248420045cb7b5e/105282133696278971909294323405992986946481282754168230213467739376661559246849
0119.gif,Colorful Distortion #0119,https://opensea.io/assets/0x495f947276749ce646f68ac8c248420045cb7b5e/105282133696278971909294323405992986946481282754168230213467739377761070874625
0120.gif,Colorful Distortion #0120,https://opensea.io/assets/0x495f947276749ce646f68ac8c248420045cb7b5e/105282133696278971909294323405992986946481282754168230213467739378860582502401
0121.gif,Colorful Distortion #0121,https://opensea.io/assets/0x495f947276749ce646f68ac8c248420045cb7b5e/105282133696278971909294323405992986946481282754168230213467739379960094130177
0122.gif,Colorful Distortion #0122,https://opensea.io/assets/0x495f947276749ce646f68ac8c248420045cb7b5e/105282133696278971909294323405992986946481282754168230213467739381059605757953
