0037.gif,1337 #0037,https://ghostmarket.io/asset/pha/LEET/68657339008366457512679671961313102718650302667413245709712096562797591277656
0042.gif,1337 #0042,https://ghostmarket.io/asset/pha/LEET/99142432962643800582634484857636340079970394522796173005136188960611789661312
0048.gif,1337 #0048,https://ghostmarket.io/asset/pha/LEET/78590939912333608892615456789636165069224238517500175836730992385214451947395
0044.gif,1337 #0044,https://ghostmarket.io/asset/pha/LEET/105782226165576784535334629943562661711377773837809409140786959170128229264382
0046.gif,1337 #0046,https://ghostmarket.io/asset/pha/LEET/111835271003117310619717364554252837248530629925081423196931682145134950544847
0045.gif,1337 #0045,https://ghostmarket.io/asset/pha/LEET/94259701463006218557121253893083680996494199419001020320018624417435236684614
0043.gif,1337 #0043,https://ghostmarket.io/asset/pha/LEET/41397481991089645344837145525009191002538549514642172457892240275486106836798
0049.gif,1337 #0049,https://ghostmarket.io/asset/pha/LEET/66023306643365355666855557070188818232063825292169511037203404832271260450979
0047.gif,1337 #0047,https://ghostmarket.io/asset/pha/LEET/84684918055112634160869841460770694099298582888113628689283227637969852859644
0039.gif,1337 #0039,https://ghostmarket.io/asset/pha/LEET/45554919669324959850266739804969619452336254917837971755795963696300563670771
0036.gif,1337 #0036,https://ghostmarket.io/asset/pha/LEET/37598795083297271070050992499549766410552140200718192248918750945190902295267
0034.gif,1337 #0034,https://ghostmarket.io/asset/pha/LEET/94461354287621476237711206526803605145390114006180897681973063385124466542793
0035.gif,1337 #0035,https://ghostmarket.io/asset/pha/LEET/97301632141460143528661864796770906934493874261019357907348011913237841737808
0030.gif,1337 #0030,https://ghostmarket.io/asset/pha/LEET/111356404616386271788156341686104469965392042365664347817514562720814779020132
0038.gif,1337 #0038,https://ghostmarket.io/asset/pha/LEET/114299454518283620420991942760889880445280802228753559318163939648166090838577
0020.gif,1337 #0020,https://ghostmarket.io/asset/pha/LEET/20669122264440819814875845603957312074757374895872720316257264868478145019951
0027.gif,1337 #0027,https://ghostmarket.io/asset/pha/LEET/23521185287826949861391968626286518576314083525763802287342582779354319018145
0017.gif,1337 #0017,https://ghostmarket.io/asset/pha/LEET/92186502561772906732535786628592447299162480737267355564473795975604820094260
0016.gif,1337 #0016,https://ghostmarket.io/asset/pha/LEET/66830343727388025045098518523085810219605334099030743539580266260468639299163
0001.gif,1337 #0001,https://ghostmarket.io/asset/pha/LEET/69721814218036745752794966407312542875266453706596755403216595170207737930047
0006.gif,1337 #0006,https://ghostmarket.io/asset/pha/LEET/20845926247613000551543219591872519228257295062183604718658726528514866266756
0023.gif,1337 #0023,https://ghostmarket.io/asset/pha/LEET/25661700790830564080943235356306381924835508022036379319241976091827467274006
0026.gif,1337 #0026,https://ghostmarket.io/asset/pha/LEET/94986159253586092608286251462401001075187063132717830581898382915391898196674
0025.gif,1337 #0025,https://ghostmarket.io/asset/pha/LEET/66971972452226032501295878290907720764807515842831134842985892837121712305616
0018.gif,1337 #0018,https://ghostmarket.io/asset/pha/LEET/113932098716507122281215551966273791588031735865873567686370926728144886809535
0014.gif,1337 #0014,https://ghostmarket.io/asset/pha/LEET/85490102444372343947881639036105870092326828452628639869249276833241877815137
0033.gif,1337 #0033,https://ghostmarket.io/asset/pha/LEET/34641486739770302580087580125662757572864791792845916740575877525373409969823
0031.gif,1337 #0031,https://ghostmarket.io/asset/pha/LEET/25183328123939534384527226976814952380815408739243238099486820814591748470222
0041.gif,1337 #0041,https://ghostmarket.io/asset/pha/LEET/47370936243999097519002774063793749256551132351751875375386040015411892613290
0040.gif,1337 #0040,https://ghostmarket.io/asset/pha/LEET/12175176586627622726287951508541704837324878937046621396014773906573782134197
0008.gif,1337 #0008,https://ghostmarket.io/asset/pha/LEET/28616180511884450021940834753999537562449296276324042464813279532225894438233
0032.gif,1337 #0032,https://ghostmarket.io/asset/pha/LEET/65369110115119209893598002107996016004330210014600025840436931567601936401932
0004.gif,1337 #0004,https://ghostmarket.io/asset/pha/LEET/79029317189591388049891833272859926270029384248234286948758678801866432395870
0005.gif,1337 #0005,https://ghostmarket.io/asset/pha/LEET/30727181770268553101625337314074641621022326278666580989671721212477935531747
0007.gif,1337 #0007,https://ghostmarket.io/asset/pha/LEET/53309389654234971083615807479218169409620579664479863451586186802066509569066
0009.gif,1337 #0009,https://ghostmarket.io/asset/pha/LEET/16487582183113169709450731819150054291009106981037875235346153269424052509914
0012.gif,1337 #0012,https://ghostmarket.io/asset/pha/LEET/93328618174737893963389677353535297943787712949938982653188208128469622930385
0010.gif,1337 #0010,https://ghostmarket.io/asset/pha/LEET/111767340273318124181795046742227438251750639117222929277075645730746943308364
0011.gif,1337 #0011,https://ghostmarket.io/asset/pha/LEET/114596513826265339532438149693323205856680731137910595128797524322026108324238
0015.gif,1337 #0015,https://ghostmarket.io/asset/pha/LEET/94217773198686188428319242898190423400552433591532607995043794600730995965414
0013.gif,1337 #0013,https://ghostmarket.io/asset/pha/LEET/33445407549774627051681590745520165775656898105016801419888992114911660470544
0019.gif,1337 #0019,https://ghostmarket.io/asset/pha/LEET/36149918255648027218772739600031789480202876554660762237102659689838073525713
0002.gif,1337 #0002,https://ghostmarket.io/asset/pha/LEET/60091862265822530099036299896861492485748402852985020798535422035191679124822
0024.gif,1337 #0024,https://ghostmarket.io/asset/pha/LEET/30927092154016250858598972783599062102205985534143329290795673141265921757951
0022.gif,1337 #0022,https://ghostmarket.io/asset/pha/LEET/41227499818485840459714717053186551545087766160541762564430348254546399317551
0029.gif,1337 #0029,https://ghostmarket.io/asset/pha/LEET/36793505612517382861402480614261453955986134414560713484013259850317726858040
0028.gif,1337 #0028,https://ghostmarket.io/asset/pha/LEET/49711869308372789771150748243919825456571799656305494201954167274932120145178
0021.gif,1337 #0021,https://ghostmarket.io/asset/pha/LEET/83292687452400625441650891433713911311831614720946719744963653355026045517919
0003.gif,1337 #0003,https://ghostmarket.io/asset/pha/LEET/95589617416491855635707580698033796484809007659213549193293198824115696174398